trade_date,month_bucket,symbol,is_seed_session,target_label,predicted_label,board_lockout_active,open_to_5m,open_to_15m,open_to_60m,close_loc_15m
20251103,2025-11,000738,False,none,allowed_preheat_probe_add,False,0.0,-0.00587293,-0.00533903,0.0
20251103,2025-11,002085,False,none,allowed_preheat_probe_add,False,-0.00988947,-0.01454334,0.00814427,0.11764706
20251103,2025-11,002465,False,none,allowed_preheat_probe_add,False,-0.00255537,-0.0076661,-0.0076661,0.08333333
20251103,2025-11,003009,False,none,allowed_preheat_probe_add,False,-0.004536,-0.00661501,0.02286902,0.27118644
20251103,2025-11,300045,False,none,allowed_preheat_full_add,False,0.0017094,0.00555556,0.02350427,0.6969697
20251103,2025-11,300342,False,none,allowed_preheat_probe_add,False,-0.00650759,0.0005423,0.0037961,0.61290323
20251103,2025-11,600118,False,none,allowed_preheat_probe_add,False,-0.00814711,-0.00558659,0.01629423,0.46280992
20251103,2025-11,600879,False,none,allowed_preheat_probe_add,False,-0.00912409,-0.01094891,-0.00638686,0.16666667
20251103,2025-11,601698,False,none,allowed_preheat_probe_add,False,-0.00323176,-0.00923361,0.00323176,0.0
20251103,2025-11,688568,False,none,allowed_preheat_probe_add,False,-0.01272016,-0.00905088,-0.02030333,0.25352113
20251104,2025-11,000738,False,none,allowed_preheat_probe_add,False,-0.0005339,-0.00160171,-0.00533903,0.33333333
20251104,2025-11,002085,False,none,allowed_preheat_probe_add,False,-0.00350058,-0.00175029,-0.01050175,0.6
20251104,2025-11,002465,False,none,allowed_preheat_probe_add,False,-0.00084602,-0.00169205,-0.01184433,0.33333333
20251104,2025-11,003009,False,none,allowed_preheat_probe_add,False,0.00331187,-0.00331187,-0.01103956,0.37878788
20251104,2025-11,300342,False,none,allowed_preheat_probe_add,False,0.00320171,-0.00160085,-0.0090715,0.1
20251104,2025-11,600118,False,none,allowed_preheat_probe_add,False,0.00431818,-0.00181818,-0.01954545,0.3963964
20251104,2025-11,600879,False,none,allowed_preheat_probe_add,False,-0.00358744,-0.01255605,-0.0206278,0.16666667
20251104,2025-11,601698,False,none,allowed_preheat_probe_add,False,0.01361779,0.00635497,-0.00817068,0.41176471
20251104,2025-11,688066,False,none,allowed_preheat_probe_add,False,0.00738255,-0.00302013,-0.01879195,0.19230769
20251104,2025-11,688523,False,none,allowed_preheat_probe_add,False,0.01085271,0.00620155,-0.00620155,0.47692308
20251104,2025-11,688568,False,none,allowed_preheat_probe_add,False,-0.01217089,-0.00695479,-0.01738698,0.54098361
20251105,2025-11,000738,False,none,allowed_preheat_probe_add,False,0.00216216,0.00162162,0.00216216,0.58333333
20251105,2025-11,002085,False,none,allowed_preheat_probe_add,False,0.00300842,0.00421179,-0.00120337,0.64285714
20251105,2025-11,002465,False,none,allowed_preheat_full_add,False,0.00260643,0.00608167,0.0086881,0.84615385
20251105,2025-11,003009,False,none,allowed_preheat_full_add,False,0.01041075,0.01362862,0.00984289,0.77669903
20251105,2025-11,300045,False,none,allowed_preheat_full_add,False,0.03508772,0.03114035,0.05,0.71717172
20251105,2025-11,300342,False,none,allowed_preheat_full_add,False,0.0076087,0.01521739,0.01847826,0.76595745
20251105,2025-11,600118,False,none,allowed_preheat_full_add,False,0.0214951,0.02579412,0.03224266,0.77142857
20251105,2025-11,600879,False,none,allowed_preheat_full_add,False,0.00560748,0.00560748,0.00186916,0.66666667
20251105,2025-11,601698,False,none,allowed_preheat_full_add,False,0.00933707,0.01260504,0.01633987,0.61702128
20251105,2025-11,688066,False,none,allowed_preheat_full_add,False,0.0,0.00861772,0.02033781,0.66071429
20251105,2025-11,688523,False,none,allowed_preheat_probe_add,False,-0.00193723,0.00774893,-0.00891127,0.5942029
20251105,2025-11,688568,False,none,allowed_preheat_probe_add,False,0.00153846,0.0025641,-0.00230769,0.57142857
20251106,2025-11,000738,False,none,allowed_preheat_full_add,False,0.01344086,0.01827957,0.02419355,0.82222222
20251106,2025-11,002085,False,none,allowed_preheat_probe_add,False,0.00119976,0.0,0.00719856,0.25
20251106,2025-11,002465,False,none,allowed_preheat_probe_add,False,0.00345722,-0.00172861,0.0008643,0.25
20251106,2025-11,003009,False,none,allowed_preheat_probe_add,False,0.01092073,0.0065901,-0.00112973,0.39325843
20251106,2025-11,300045,False,none,allowed_preheat_probe_add,False,0.00042265,-0.01352494,-0.00972105,0.01639344
20251106,2025-11,300342,False,none,allowed_preheat_probe_add,False,0.00540541,-0.00540541,-0.00216216,0.08
20251106,2025-11,600118,False,none,allowed_preheat_probe_add,False,0.00234467,-0.00046893,-0.00515826,0.2875
20251106,2025-11,600879,False,none,allowed_preheat_probe_add,False,0.00558659,0.00372439,0.00558659,0.7
20251106,2025-11,601698,False,none,allowed_preheat_probe_add,False,-0.00138058,-0.00552232,-0.00644271,0.29032258
20251106,2025-11,688066,False,none,allowed_preheat_probe_add,False,0.03438625,0.03158737,0.00119952,0.56962025
20251106,2025-11,688523,False,none,allowed_preheat_probe_add,False,0.01027668,-0.0055336,-0.0055336,0.07017544
20251106,2025-11,688568,False,none,allowed_preheat_full_add,False,0.01056973,0.00799175,0.01031194,0.64583333
20251107,2025-11,000738,False,none,allowed_preheat_probe_add,False,-0.0037037,-0.0026455,-0.0021164,0.45454545
20251107,2025-11,002085,False,none,allowed_preheat_probe_add,False,-0.00535714,-0.00654762,-0.00595238,0.3125
20251107,2025-11,002465,False,none,allowed_preheat_probe_add,False,-0.00693842,-0.00173461,0.00433651,0.72727273
20251107,2025-11,003009,False,none,allowed_preheat_full_add,False,0.0028924,0.01156961,0.0187042,1.0
20251107,2025-11,300045,False,none,allowed_preheat_probe_add,False,-0.01141167,0.00126796,0.00760778,0.79591837
20251107,2025-11,300342,False,none,allowed_preheat_probe_add,False,-0.00590763,0.00429646,0.01342642,0.81081081
20251107,2025-11,600118,False,none,allowed_preheat_probe_add,False,-0.0027907,0.00162791,0.01976744,0.6
20251107,2025-11,600879,False,none,allowed_preheat_probe_add,False,-0.00740056,-0.00555042,-0.00277521,0.45454545
20251107,2025-11,601698,False,none,allowed_preheat_probe_add,False,-0.00879223,-0.00416474,0.01480796,0.60869565
20251107,2025-11,688523,False,none,allowed_preheat_probe_add,False,-0.01471173,-0.00198807,0.02823062,0.87272727
20251107,2025-11,688568,False,none,allowed_preheat_probe_add,False,-0.00792839,0.00153453,0.0028133,0.87272727
20251110,2025-11,000738,False,none,allowed_preheat_probe_add,False,-0.0005291,-0.0015873,-0.0031746,0.3
20251110,2025-11,002085,False,none,allowed_preheat_full_add,False,0.00600601,0.00540541,0.0012012,0.75
20251110,2025-11,002465,False,none,allowed_preheat_probe_add,False,0.02288136,0.01186441,0.00169492,0.51851852
20251110,2025-11,003009,False,none,allowed_preheat_probe_add,False,0.02118003,0.00832073,-0.00056732,0.33587786
20251110,2025-11,300045,False,none,allowed_preheat_probe_add,False,0.00616016,0.00205339,-0.01437372,0.48717949
20251110,2025-11,300342,False,none,allowed_preheat_probe_add,False,0.00051073,-0.00766088,-0.01889683,0.3255814
20251110,2025-11,600118,False,none,allowed_preheat_probe_add,False,0.01024412,-0.0032694,-0.01482127,0.42211055
20251110,2025-11,600879,False,none,allowed_preheat_full_add,False,0.05485612,0.05485612,0.03147482,0.7625
20251110,2025-11,601698,False,none,allowed_preheat_probe_add,False,0.0070609,-0.00529568,-0.01147396,0.10526316
20251110,2025-11,688066,False,none,allowed_preheat_full_add,False,0.04580446,0.04503464,-0.00115473,0.60287081
20251110,2025-11,688568,False,none,allowed_preheat_full_add,False,0.03166987,0.03454894,0.01199616,0.85207101
20251111,2025-11,000738,False,none,allowed_preheat_probe_add,False,-0.00052715,-0.0010543,-0.00316289,0.2
20251111,2025-11,002085,False,none,allowed_preheat_full_add,False,0.00352941,0.01,0.01529412,0.82608696
20251111,2025-11,002465,False,none,allowed_preheat_probe_add,False,0.00681431,0.00170358,-0.00425894,0.16666667
20251111,2025-11,003009,False,none,allowed_preheat_probe_add,False,-0.00264951,-0.00813777,-0.03425435,0.21666667
20251111,2025-11,300045,False,none,allowed_preheat_probe_add,False,0.00294613,0.0016835,-0.0223064,0.41860465
20251111,2025-11,300342,False,none,allowed_preheat_probe_add,False,0.00526593,0.01000527,-0.00631912,0.54285714
20251111,2025-11,600118,False,none,allowed_preheat_probe_add,False,0.01223038,0.0075606,-0.04380698,0.25757576
20251111,2025-11,600879,False,none,allowed_preheat_probe_add,False,-0.00614035,-0.00175439,-0.01842105,0.61111111
20251111,2025-11,601698,False,none,allowed_preheat_full_add,False,0.00990099,0.01845185,-0.00810081,0.671875
20251111,2025-11,688066,False,none,allowed_preheat_full_add,False,0.01686275,0.02352941,-0.00117647,0.6185567
20251111,2025-11,688523,False,none,allowed_preheat_probe_add,False,0.00801833,0.00420008,-0.02940053,0.2244898
20251111,2025-11,688568,False,none,allowed_preheat_probe_add,False,-0.00357143,0.00238095,-0.02333333,0.640625
20251112,2025-11,000738,False,none,allowed_preheat_probe_add,False,-0.00789889,-0.00789889,-0.0073723,0.21052632
20251112,2025-11,002085,False,none,allowed_preheat_probe_add,False,-0.01116334,-0.01057579,-0.01233843,0.18181818
20251112,2025-11,002465,False,none,allowed_preheat_probe_add,False,-0.01199657,-0.00514139,-0.00685518,0.57142857
20251112,2025-11,003009,False,none,allowed_preheat_probe_add,False,-0.00775194,-0.00695687,-0.00874578,0.46153846
20251112,2025-11,300045,False,none,allowed_preheat_probe_add,False,-0.01741402,-0.01175446,-0.01567262,0.58461538
20251112,2025-11,300342,False,none,allowed_preheat_probe_add,False,-0.01013874,-0.00533618,-0.00800427,0.48888889
20251112,2025-11,600118,False,none,allowed_preheat_full_add,False,-0.00210379,0.00701262,0.00631136,0.75714286
20251112,2025-11,600879,False,none,allowed_preheat_probe_add,False,-0.01792115,-0.01075269,-0.01612903,0.48
20251112,2025-11,601698,False,none,allowed_preheat_probe_add,False,-0.01406534,-0.01043557,-0.01179673,0.36111111
20251112,2025-11,688066,False,none,allowed_preheat_probe_add,False,-0.01115982,-0.00398565,-0.00637704,0.46753247
20251112,2025-11,688523,False,none,allowed_preheat_full_add,False,-0.00039857,0.009167,0.00478278,0.69491525
20251112,2025-11,688568,False,none,allowed_preheat_probe_add,False,-0.0122459,-0.00465344,0.00514328,0.65853659
20251113,2025-11,000738,False,none,allowed_preheat_probe_add,False,-0.00106553,0.00213106,0.00106553,0.90909091
20251113,2025-11,002085,False,none,allowed_preheat_probe_add,False,-0.0024024,0.0006006,0.0006006,0.71428571
20251113,2025-11,002465,False,none,allowed_preheat_full_add,False,0.00684346,0.00684346,0.01283148,0.66666667
20251113,2025-11,003009,False,none,allowed_preheat_full_add,False,0.00999001,0.00779221,0.02497502,0.78
20251113,2025-11,300045,False,none,allowed_preheat_full_add,False,0.01261967,0.01523064,0.03002611,0.82352941
20251113,2025-11,300342,False,none,allowed_preheat_full_add,False,0.00620476,0.00827301,0.01809721,0.625
20251113,2025-11,600118,False,none,allowed_preheat_probe_add,False,0.02244898,0.02131519,0.02947846,0.58024691
20251113,2025-11,600879,False,none,allowed_preheat_full_add,False,0.0181653,0.01453224,0.0208901,0.77272727
20251113,2025-11,601698,False,none,allowed_preheat_full_add,False,0.01486486,0.01126126,0.01621622,0.66666667
20251113,2025-11,688066,False,none,allowed_preheat_probe_add,False,-0.00666667,-0.00823529,0.01215686,0.66216216
20251113,2025-11,688523,False,none,allowed_preheat_full_add,False,0.01072386,0.01953275,0.08004596,0.62105263
20251113,2025-11,688568,False,none,allowed_preheat_probe_add,False,-0.00934579,-0.00233645,-0.00700935,0.625
20251114,2025-11,000738,False,none,allowed_preheat_probe_add,False,-0.00369783,0.00052826,-0.00158479,0.66666667
20251114,2025-11,002085,False,none,allowed_preheat_probe_add,False,-0.00060205,-0.00180614,-0.00120409,0.38461538
20251114,2025-11,002465,False,none,allowed_preheat_probe_add,False,-0.00336417,0.00420521,-0.00084104,1.0
20251114,2025-11,003009,False,none,allowed_preheat_probe_add,False,-0.00806293,-0.00117994,-0.00058997,0.56842105
20251114,2025-11,300045,False,none,allowed_preheat_probe_add,False,-0.01653612,-0.00130548,-0.00261097,0.67073171
20251114,2025-11,300342,False,none,allowed_preheat_full_add,False,-0.00885417,0.01302083,0.01145833,0.89830508
20251114,2025-11,600118,False,none,allowed_preheat_probe_add,False,0.00159163,0.00886767,-0.00386539,0.43333333
20251114,2025-11,600879,False,none,allowed_preheat_probe_add,False,-0.00718133,-0.002693,-0.00628366,0.52941176
20251114,2025-11,601698,False,none,allowed_preheat_probe_add,False,-0.00770276,0.00181242,-0.00498414,0.71428571
20251114,2025-11,688066,False,none,allowed_preheat_probe_add,False,-0.02125953,-0.00802246,-0.01203369,0.67164179
20251114,2025-11,688523,False,none,allowed_preheat_probe_add,False,-0.00938967,0.00469484,0.00216685,0.66666667
20251114,2025-11,688568,False,none,allowed_preheat_probe_add,False,-0.01838755,-0.00801509,-0.01579444,0.6091954
20251117,2025-11,000738,False,none,allowed_preheat_probe_add,False,-0.00365344,-0.00887265,-0.00835073,0.17391304
20251117,2025-11,002085,False,none,allowed_preheat_probe_add,False,-0.00735294,-0.00551471,-0.01715686,0.4
20251117,2025-11,002465,False,none,allowed_preheat_probe_add,False,0.00250836,-0.00250836,-0.00501672,0.14285714
20251117,2025-11,003009,True,allowed_preheat_probe_add,allowed_preheat_probe_add,False,-0.00076879,-0.01364597,-0.01537574,0.06451613
20251117,2025-11,300045,True,allowed_preheat_probe_add,allowed_preheat_full_add,False,0.00803571,0.01294643,0.00892857,0.78378378
20251117,2025-11,300342,False,none,allowed_preheat_probe_add,False,-0.00260417,-0.0078125,0.01197917,0.125
20251117,2025-11,600118,False,none,allowed_preheat_probe_add,False,-0.00648148,-0.00740741,-0.00416667,0.2173913
20251117,2025-11,600879,False,none,allowed_preheat_probe_add,False,0.0,-0.00452489,-0.00452489,0.38461538
20251117,2025-11,601698,False,none,allowed_preheat_probe_add,False,-0.00645161,-0.00230415,0.00276498,0.37931034
20251117,2025-11,688066,True,allowed_preheat_probe_add,allowed_preheat_probe_add,False,-0.01827782,-0.01340374,-0.01909017,0.32653061
20251117,2025-11,688523,True,allowed_preheat_probe_add,allowed_preheat_probe_add,False,-0.001443,-0.01226551,0.00649351,0.03
20251117,2025-11,688568,True,allowed_preheat_probe_add,allowed_preheat_probe_add,False,0.00708181,0.004884,0.01465201,0.44230769
20251118,2025-11,000738,True,allowed_preheat_probe_add,allowed_preheat_probe_add,False,-0.0026178,-0.00366492,-0.00418848,0.07692308
20251118,2025-11,002085,False,none,allowed_preheat_probe_add,False,-0.00811486,-0.00998752,-0.01248439,0.05882353
20251118,2025-11,002465,False,none,allowed_preheat_probe_add,False,-0.00421941,-0.01434599,-0.01265823,0.0
20251118,2025-11,003009,True,allowed_preheat_probe_add,allowed_preheat_probe_add,False,0.00521879,-0.01144119,-0.01324769,0.0
20251118,2025-11,688066,True,allowed_preheat_probe_add,allowed_preheat_probe_add,False,-0.00491803,-0.01106557,-0.00778689,0.16
20251118,2025-11,688568,True,allowed_preheat_probe_add,allowed_preheat_probe_add,False,-0.00442043,-0.01399804,-0.01031434,0.0
20251119,2025-11,000738,True,allowed_preheat_probe_add,allowed_preheat_probe_add,False,0.00158395,0.00369588,0.00105597,0.64285714
20251119,2025-11,002085,False,none,allowed_preheat_probe_add,False,0.00569981,-0.00126662,-0.01203293,0.0
20251119,2025-11,002465,False,none,allowed_preheat_probe_add,False,0.00515021,0.00257511,-0.00257511,0.44444444
20251119,2025-11,003009,False,none,allowed_preheat_probe_add,False,0.0047054,0.00450082,-0.00879705,0.76470588
20251119,2025-11,300045,False,none,allowed_preheat_probe_add,False,-0.00528169,-0.0118838,-0.02816901,0.06451613
20251119,2025-11,300342,True,allowed_preheat_probe_add,allowed_preheat_probe_add,False,0.00580475,-0.00263852,-0.02744063,0.0
20251119,2025-11,600118,True,allowed_preheat_probe_add,allowed_preheat_probe_add,False,-0.0033557,-0.00023969,-0.01581975,0.57894737
20251119,2025-11,600879,True,allowed_preheat_probe_add,allowed_preheat_probe_add,False,-0.00185529,-0.00278293,-0.01113173,0.2
20251119,2025-11,601698,True,allowed_preheat_probe_add,allowed_preheat_probe_add,False,-0.00191388,0.00143541,-0.00717703,0.68421053
20251119,2025-11,688066,False,none,allowed_preheat_probe_add,False,0.0045417,0.00330306,-0.01857969,0.60526316
20251119,2025-11,688523,False,none,allowed_preheat_probe_add,False,0.00185185,0.00037037,-0.02888889,0.14285714
20251119,2025-11,688568,False,none,allowed_preheat_probe_add,False,0.0052161,0.00149031,-0.00794834,0.22857143
20251120,2025-11,000738,False,none,allowed_preheat_probe_add,False,-0.00574413,-0.00313316,-0.00992167,0.7
20251120,2025-11,002085,True,allowed_preheat_probe_add,allowed_preheat_probe_add,False,-0.0031506,-0.0063012,-0.01638311,0.33333333
20251120,2025-11,002465,True,allowed_preheat_probe_add,allowed_preheat_probe_add,False,-0.00085543,0.00085543,0.00427716,0.71428571
20251120,2025-11,003009,False,none,allowed_preheat_probe_add,False,-0.00020492,0.00204918,0.0079918,0.64814815
20251120,2025-11,300045,False,none,allowed_preheat_probe_add,False,0.00678119,-0.00135624,0.00180832,0.0
20251120,2025-11,300342,True,allowed_preheat_probe_add,allowed_preheat_probe_add,False,0.00053792,-0.00753093,0.00430339,0.17857143
20251120,2025-11,600118,False,none,allowed_preheat_probe_add,False,0.00606502,0.0,0.00703542,0.29545455
20251120,2025-11,600879,True,allowed_preheat_probe_add,allowed_preheat_probe_add,False,-0.00185701,-0.00278552,0.00464253,0.5
20251120,2025-11,601698,True,allowed_preheat_probe_add,allowed_preheat_probe_add,False,-0.00287219,-0.00526568,-0.0009574,0.18181818
20251120,2025-11,688066,False,none,allowed_preheat_probe_add,False,0.00125997,-0.00461991,-0.00965981,0.21212121
20251120,2025-11,688523,False,none,allowed_preheat_probe_add,False,-0.00269127,-0.00884275,0.00961169,0.42307692
20251120,2025-11,688568,False,none,allowed_preheat_probe_add,False,-0.00695479,-0.00596125,-0.01390959,0.17647059
20251121,2025-11,000738,False,none,allowed_preheat_probe_add,False,0.0037234,-0.0037234,-0.01968085,0.0
20251121,2025-11,002085,True,allowed_preheat_probe_add,allowed_preheat_probe_add,False,0.0078534,0.0026178,-0.0065445,0.40909091
20251121,2025-11,002465,True,allowed_preheat_probe_add,allowed_preheat_probe_add,False,-0.00257511,-0.00772532,-0.03090129,0.07692308
20251121,2025-11,003009,False,none,allowed_preheat_probe_add,False,0.00185261,-0.01090984,-0.0183203,0.03738318
20251121,2025-11,300342,False,none,allowed_preheat_probe_add,False,0.00491803,-0.00546448,-0.03005464,0.14285714
20251121,2025-11,600118,True,allowed_preheat_probe_add,allowed_preheat_probe_add,False,0.00296736,-0.00717112,-0.01285856,0.08536585
20251121,2025-11,600879,False,none,allowed_preheat_probe_add,False,-0.0018797,-0.0093985,-0.01691729,0.0625
20251121,2025-11,601698,False,none,allowed_preheat_probe_add,False,0.00048757,-0.0029254,-0.01267674,0.20689655
20251121,2025-11,688523,False,none,allowed_preheat_probe_add,False,0.00156495,-0.00352113,-0.03325509,0.07142857
20251121,2025-11,688568,False,none,allowed_preheat_probe_add,False,0.0043038,-0.00329114,-0.00962025,0.28378378
20251124,2025-11,000738,False,none,allowed_preheat_full_add,False,0.00748663,0.00855615,0.02245989,0.94117647
20251124,2025-11,002085,False,none,allowed_preheat_probe_add,False,-0.00580645,-0.00645161,-0.00451613,0.26666667
20251124,2025-11,002465,False,none,allowed_preheat_probe_add,False,0.00784656,0.00174368,0.0418483,0.18518519
20251124,2025-11,003009,False,none,allowed_preheat_full_add,False,0.02520341,0.02103592,0.09347093,0.65030675
20251124,2025-11,300045,False,none,allowed_preheat_probe_add,False,0.00778032,-0.00640732,0.00091533,0.06521739
20251124,2025-11,600118,False,none,allowed_preheat_probe_add,False,0.01525591,-0.00098425,0.01968504,0.17647059
20251124,2025-11,600879,False,none,allowed_preheat_probe_add,False,0.00759734,0.0,0.01614435,0.1
20251124,2025-11,601698,False,none,allowed_preheat_probe_add,False,-0.00485437,-0.01359223,-0.00291262,0.05882353
20251124,2025-11,688066,False,none,allowed_preheat_probe_add,False,0.01645022,0.0047619,0.01515152,0.53333333
20251124,2025-11,688523,False,none,allowed_preheat_full_add,False,0.07199367,0.11708861,0.17761076,0.80952381
20251124,2025-11,688568,False,none,allowed_preheat_probe_add,False,-0.00586081,-0.01147741,0.001221,0.01612903
20251125,2025-11,000738,False,none,allowed_preheat_probe_add,False,-0.00569358,-0.00258799,-0.00362319,0.53333333
20251125,2025-11,002085,False,none,allowed_preheat_full_add,False,0.00897436,0.01217949,0.01217949,0.79166667
20251125,2025-11,002465,False,none,allowed_preheat_probe_add,False,-0.0075,0.00333333,0.00583333,0.93333333
20251125,2025-11,003009,False,none,allowed_preheat_full_add,False,0.01322703,0.0186628,0.00960319,0.63975155
20251125,2025-11,300045,False,none,allowed_preheat_full_add,False,-0.00697472,0.00915432,0.02048823,1.0
20251125,2025-11,300342,False,none,allowed_preheat_full_add,False,-0.00166667,0.02388889,0.03277778,0.96666667
20251125,2025-11,600118,False,none,allowed_preheat_full_add,False,-0.00095034,0.01116655,0.03349964,0.98571429
20251125,2025-11,600879,False,none,allowed_preheat_probe_add,False,-0.02181818,-0.01090909,-0.00545455,0.5
20251125,2025-11,601698,False,none,allowed_preheat_probe_add,False,-0.00576369,0.00432277,0.01152738,0.88461538
20251125,2025-11,688066,False,none,allowed_preheat_full_add,False,0.00794314,0.03302676,0.05643813,1.0
20251125,2025-11,688523,False,none,allowed_preheat_full_add,False,0.0067007,0.06828334,0.035418,0.88339223
20251125,2025-11,688568,False,none,allowed_preheat_full_add,False,-0.00869775,0.00676492,0.01377144,0.8372093
20251126,2025-11,000738,False,none,allowed_preheat_probe_add,False,-0.01596292,-0.01184346,-0.01956746,0.3030303
20251126,2025-11,002085,False,none,allowed_preheat_full_add,False,-0.00320307,0.01857783,0.01473414,0.88095238
20251126,2025-11,002465,False,none,allowed_preheat_probe_add,False,-0.00989283,0.0008244,-0.01648805,0.76470588
20251126,2025-11,003009,False,none,allowed_preheat_probe_add,False,-0.02200358,-0.01216458,-0.03398927,0.38502674
20251126,2025-11,600879,False,none,allowed_preheat_probe_add,False,-0.01909091,-0.00545455,-0.02,0.61538462
20251126,2025-11,601698,False,none,allowed_preheat_probe_add,False,-0.01095238,-0.00904762,-0.01952381,0.21052632
20251126,2025-11,688066,False,none,allowed_preheat_full_add,False,0.01769231,0.02807692,-0.00846154,0.78125
20251126,2025-11,688568,False,none,allowed_preheat_probe_add,False,-0.00526316,-0.00287081,-0.01626794,0.43103448
20251127,2025-11,000738,False,none,allowed_preheat_probe_add,False,0.00266525,0.00319829,0.0021322,0.63636364
20251127,2025-11,002085,False,none,allowed_preheat_full_add,False,0.01388013,0.01766562,0.00694006,0.8
20251127,2025-11,002465,False,none,allowed_preheat_probe_add,False,-0.00591716,-0.00084531,0.00422654,0.81818182
20251127,2025-11,003009,False,none,allowed_preheat_full_add,False,-0.00475828,0.00685192,0.00513894,0.89130435
20251127,2025-11,300045,False,none,allowed_preheat_probe_add,False,-0.00881262,-0.00231911,0.00092764,0.41666667
20251127,2025-11,300342,False,none,allowed_preheat_full_add,False,-0.01046832,0.00716253,0.00716253,0.83333333
20251127,2025-11,600118,False,none,allowed_preheat_full_add,False,-0.00778021,0.00826647,0.00826647,0.94366197
20251127,2025-11,600879,False,none,allowed_preheat_probe_add,False,-0.01136364,-0.00757576,-0.00568182,0.5
20251127,2025-11,601698,False,none,allowed_preheat_probe_add,False,-0.0019656,0.004914,0.004914,0.88235294
20251127,2025-11,688066,False,none,allowed_preheat_probe_add,False,-0.01430843,0.00317965,0.01351351,0.82539683
20251127,2025-11,688523,False,none,allowed_preheat_probe_add,False,-0.03876458,-0.01103057,-0.02332178,0.65986395
20251127,2025-11,688568,False,none,allowed_preheat_probe_add,False,-0.0054001,0.00319097,0.00196367,0.88311688
20251128,2025-11,000738,False,none,allowed_preheat_probe_add,False,-0.00053248,-0.00372737,-0.00266241,0.17647059
20251128,2025-11,002085,False,none,allowed_preheat_probe_add,False,-0.00935162,-0.00872818,0.00124688,0.35714286
20251128,2025-11,002465,False,none,allowed_preheat_full_add,False,0.00673401,0.00589226,0.01515152,0.61538462
20251128,2025-11,003009,False,none,allowed_preheat_probe_add,False,0.01606492,-0.00049685,-0.02567075,0.31034483
20251128,2025-11,300045,False,none,allowed_preheat_probe_add,False,0.05222171,0.03893724,0.04168575,0.5862069
20251128,2025-11,300342,False,none,allowed_preheat_probe_add,False,0.04635056,0.0319659,0.04581779,0.50847458
20251128,2025-11,600118,False,none,allowed_preheat_full_add,False,0.0087657,0.01824212,0.02463871,0.97560976
20251128,2025-11,600879,False,none,allowed_preheat_full_add,False,0.01498127,0.01685393,0.02996255,0.80769231
20251128,2025-11,601698,False,none,allowed_preheat_full_add,False,0.0073278,0.00537372,0.00879336,0.66666667
20251128,2025-11,688066,False,none,allowed_preheat_probe_add,False,0.03984962,0.02969925,0.04699248,0.52317881
20251128,2025-11,688523,True,allowed_preheat_probe_add,allowed_preheat_full_add,False,0.01944444,0.06419753,0.08580247,0.84242424
20251128,2025-11,688568,False,none,allowed_preheat_full_add,False,0.01546267,0.02053636,0.03309978,0.70247934
20251201,2025-12,000738,False,none,allowed_preheat_probe_add,False,0.0005291,0.0026455,0.0026455,0.47368421
20251201,2025-12,002085,False,none,allowed_preheat_probe_add,False,-0.00123916,0.00061958,-0.00247831,0.76923077
20251201,2025-12,002465,False,none,allowed_preheat_full_add,False,0.0049505,0.00907591,0.00577558,0.83333333
20251201,2025-12,003009,False,none,allowed_preheat_probe_add,False,0.01194228,0.01625477,0.02089899,0.57309942
20251201,2025-12,300045,False,none,allowed_preheat_full_add,False,0.0,0.02401747,0.02183406,0.93506494
20251201,2025-12,300342,False,none,allowed_preheat_full_add,False,0.00666325,0.02460277,0.01896463,0.96428571
20251201,2025-12,600118,False,none,allowed_preheat_full_add,False,0.00662252,0.00525234,-0.00662252,0.67777778
20251201,2025-12,600879,False,none,allowed_preheat_full_add,False,0.00977778,0.01422222,0.00355556,0.72222222
20251201,2025-12,601698,False,none,allowed_preheat_full_add,False,0.00952381,0.02190476,0.01190476,0.97916667
20251201,2025-12,688066,False,none,allowed_preheat_full_add,False,0.02989428,0.05760117,0.06379876,0.92
20251201,2025-12,688523,False,none,allowed_preheat_full_add,False,0.08710526,0.10394737,0.11947368,0.99246231
20251201,2025-12,688568,True,allowed_preheat_probe_add,allowed_preheat_full_add,False,0.02095672,0.02300683,0.01252847,0.69178082
20251202,2025-12,000738,False,none,allowed_preheat_probe_add,False,-0.00211528,-0.00528821,-0.00105764,0.14285714
20251202,2025-12,002085,False,none,allowed_preheat_probe_add,False,-0.00743494,-0.00557621,-0.00805452,0.30769231
20251202,2025-12,002465,False,none,allowed_preheat_probe_add,False,-0.00327869,-0.00655738,-0.00081967,0.15384615
20251202,2025-12,003009,False,none,allowed_preheat_probe_add,False,0.01148637,-0.01131493,0.05006,0.0
20251202,2025-12,300045,False,none,allowed_preheat_probe_add,False,-0.0025974,-0.01082251,0.0008658,0.08333333
20251202,2025-12,300342,False,none,allowed_preheat_probe_add,False,0.00763747,0.00101833,0.01782077,0.16216216
20251202,2025-12,600118,False,none,allowed_preheat_probe_add,False,-0.00629371,-0.01142191,0.0011655,0.20987654
20251202,2025-12,600879,False,none,allowed_preheat_probe_add,False,0.00178571,0.00267857,0.03303571,0.22222222
20251202,2025-12,601698,False,none,allowed_preheat_probe_add,False,-0.00047214,-0.00566572,0.00188857,0.2
20251202,2025-12,688568,True,allowed_preheat_probe_add,allowed_preheat_full_add,False,0.00022722,0.01226994,0.01454215,0.88617886
20251203,2025-12,000738,False,none,allowed_preheat_probe_add,False,-0.00212993,-0.00798722,-0.01064963,0.05263158
20251203,2025-12,002085,False,none,allowed_preheat_probe_add,False,-0.00062267,-0.00684932,-0.01618929,0.16666667
20251203,2025-12,002465,False,none,allowed_preheat_probe_add,False,-0.00729335,-0.01215559,-0.02188006,0.16666667
20251203,2025-12,688523,False,none,allowed_preheat_probe_add,False,0.00416341,-0.00338277,-0.02992454,0.29370629
20251203,2025-12,688568,False,none,allowed_preheat_probe_add,False,-0.00558659,-0.01407821,-0.02592179,0.0
20251204,2025-12,000738,True,allowed_preheat_probe_add,allowed_preheat_probe_add,False,0.00431732,0.00377766,0.0156503,0.46666667
20251204,2025-12,002085,False,none,allowed_preheat_probe_add,False,0.001287,-0.00514801,-0.0045045,0.04545455
20251204,2025-12,002465,False,none,allowed_preheat_probe_add,False,0.01415487,0.00832639,0.01498751,0.5
20251204,2025-12,003009,False,none,allowed_preheat_probe_add,False,0.01655172,0.01137931,0.03206897,0.42331288
20251204,2025-12,300045,False,none,allowed_preheat_probe_add,False,0.00909918,-0.00864422,0.01273885,0.02040816
20251204,2025-12,300342,True,allowed_preheat_probe_add,allowed_preheat_probe_add,False,0.01946721,0.00922131,0.06147541,0.33898305
20251204,2025-12,600118,False,none,allowed_preheat_full_add,False,0.01903367,0.01732552,0.09126403,0.60683761
20251204,2025-12,600879,False,none,allowed_preheat_full_add,False,0.07053571,0.06607143,0.11339286,0.83333333
20251204,2025-12,601698,False,none,allowed_preheat_probe_add,False,0.01218324,0.00974659,0.03898635,0.6
20251204,2025-12,688066,True,allowed_preheat_probe_add,allowed_preheat_probe_add,False,-0.00219298,-0.0003655,0.0372807,0.50515464
20251204,2025-12,688523,False,none,allowed_preheat_full_add,False,0.11405836,0.09708223,0.1801061,0.69056604
20251204,2025-12,688568,False,none,allowed_preheat_full_add,False,0.00599078,0.00599078,0.01797235,0.66666667
20251205,2025-12,000738,False,none,allowed_preheat_probe_add,False,-0.00748263,-0.00641368,0.00267237,0.4
20251205,2025-12,002085,False,none,allowed_preheat_probe_add,False,-0.00322997,-0.00193798,0.00710594,0.7
20251205,2025-12,002465,False,none,allowed_preheat_probe_add,False,-0.00892133,-0.00405515,-0.00162206,0.625
20251205,2025-12,003009,False,none,allowed_preheat_full_add,False,-0.00218855,0.03350168,0.02255892,0.82229965
20251205,2025-12,300045,False,none,allowed_preheat_full_add,False,0.00927152,0.01633554,0.02339956,0.7
20251205,2025-12,300342,True,allowed_preheat_probe_add,allowed_preheat_probe_add,False,-0.0196926,-0.00576369,-0.01777137,0.72580645
20251205,2025-12,600118,False,none,allowed_preheat_full_add,False,-0.0119125,0.00823045,0.01927659,0.69863014
20251205,2025-12,600879,True,allowed_preheat_probe_add,allowed_preheat_full_add,False,-0.00249792,0.00999167,0.01332223,0.75
20251205,2025-12,601698,True,allowed_preheat_probe_add,allowed_preheat_probe_add,False,-0.00422535,0.00422535,0.01643192,0.64864865
20251205,2025-12,688066,True,allowed_preheat_probe_add,allowed_preheat_full_add,False,-0.00472727,0.012,0.03163636,0.72727273
20251205,2025-12,688568,False,none,allowed_preheat_full_add,False,0.00386539,0.01568895,0.01591633,0.75652174
20251208,2025-12,000738,False,none,allowed_preheat_full_add,False,0.00939948,0.0078329,0.01044386,0.65217391
20251208,2025-12,002085,False,none,allowed_preheat_full_add,False,0.00440252,0.00566038,0.00188679,0.69230769
20251208,2025-12,002465,True,allowed_preheat_full_add,allowed_preheat_full_add,False,-0.00311526,0.00778816,0.00856698,0.95652174
20251208,2025-12,003009,True,allowed_preheat_full_add,allowed_preheat_probe_add,False,-0.0034375,0.004375,0.00703125,0.83636364
20251208,2025-12,300045,False,none,allowed_preheat_full_add,False,0.01121262,0.02159468,0.02284053,0.86666667
20251208,2025-12,300342,False,none,allowed_preheat_full_add,False,0.0959596,0.10009183,0.05555556,0.86153846
20251208,2025-12,600118,False,none,allowed_preheat_full_add,False,0.01189516,0.01754032,0.04616935,0.97905759
20251208,2025-12,600879,True,allowed_preheat_full_add,allowed_preheat_full_add,False,0.01466049,0.03395062,0.05401235,0.92307692
20251208,2025-12,601698,True,allowed_preheat_full_add,allowed_preheat_full_add,False,0.01390135,0.01928251,0.02197309,0.90740741
20251208,2025-12,688066,False,none,allowed_preheat_full_add,False,0.02124743,0.03735435,0.01336532,0.97321429
20251208,2025-12,688523,True,allowed_preheat_full_add,allowed_preheat_full_add,False,-0.00958904,0.0152968,0.0,0.99541284
20251208,2025-12,688568,False,none,allowed_preheat_full_add,False,0.01895425,0.02265795,0.01721133,0.95488722
20251209,2025-12,000738,False,none,allowed_preheat_full_add,False,0.00211416,0.01004228,0.00369979,0.82608696
20251209,2025-12,002085,False,none,allowed_preheat_probe_add,False,-0.00063412,0.00317058,-0.00063412,0.90909091
20251209,2025-12,002465,False,none,allowed_preheat_full_add,False,0.00318218,0.00875099,-0.0071599,0.76470588
20251209,2025-12,003009,False,none,allowed_preheat_probe_add,False,0.0168691,0.01990553,0.00219298,0.52212389
20251209,2025-12,300045,True,allowed_preheat_full_add,allowed_preheat_full_add,False,0.00417362,0.02170284,0.0033389,0.85897436
20251209,2025-12,300342,False,none,allowed_preheat_full_add,False,0.01520572,0.03354204,0.00223614,0.72115385
20251209,2025-12,600118,True,allowed_preheat_full_add,allowed_preheat_full_add,False,0.00641158,0.01716649,-0.00496381,0.68595041
20251209,2025-12,600879,False,none,allowed_preheat_full_add,False,0.02076923,0.02769231,0.0,0.72
20251209,2025-12,601698,False,none,allowed_preheat_full_add,False,0.00637233,0.01319982,-0.00500683,0.77777778
20251209,2025-12,688066,False,none,allowed_preheat_probe_add,False,0.04168114,0.0267454,-0.0097256,0.42307692
20251209,2025-12,688523,False,none,allowed_preheat_full_add,False,0.02395062,0.03209877,0.00197531,0.65656566
20251209,2025-12,688568,False,none,allowed_preheat_probe_add,False,0.00155659,0.0,-0.01912386,0.43055556
20251210,2025-12,000738,False,none,allowed_preheat_full_add,False,0.00263158,0.01315789,0.01947368,0.83333333
20251210,2025-12,002085,False,none,allowed_preheat_probe_add,False,-0.00578406,-0.00257069,0.00449871,0.58333333
20251210,2025-12,002465,True,allowed_preheat_full_add,allowed_preheat_probe_add,False,-0.00464037,-0.00386698,0.00386698,0.26315789
20251210,2025-12,003009,False,none,allowed_preheat_probe_add,False,0.01088,0.00128,0.00976,0.33142857
20251210,2025-12,300045,False,none,allowed_preheat_probe_add,False,-0.00246914,-0.00205761,0.0037037,0.22727273
20251210,2025-12,300342,False,none,allowed_preheat_probe_add,False,0.01227273,0.02045455,0.035,0.41284404
20251210,2025-12,600118,False,none,allowed_preheat_probe_add,False,0.00333333,0.003125,0.05583333,0.24822695
20251210,2025-12,600879,True,allowed_preheat_full_add,allowed_preheat_probe_add,False,0.00992366,0.00839695,0.03358779,0.28205128
20251210,2025-12,601698,False,none,allowed_preheat_probe_add,False,-0.0036513,-0.00456413,0.01369238,0.15555556
20251210,2025-12,688066,False,none,allowed_preheat_probe_add,False,-0.00536097,-0.00536097,0.0192995,0.38271605
20251210,2025-12,688523,False,none,allowed_preheat_probe_add,False,0.01048689,0.01972534,0.02222222,0.57446809
20251210,2025-12,688568,False,none,allowed_preheat_probe_add,False,0.02386795,0.02386795,0.04438992,0.58737864
20251211,2025-12,000738,False,none,allowed_preheat_full_add,False,0.00103199,0.00567595,-0.00257998,0.82608696
20251211,2025-12,002085,False,none,allowed_preheat_probe_add,False,-0.00317662,0.00127065,-0.00190597,0.8
20251211,2025-12,002465,False,none,allowed_preheat_full_add,False,0.01654135,0.03082707,0.00676692,0.70689655
20251211,2025-12,300045,False,none,allowed_preheat_full_add,False,-0.00361736,0.00522508,0.00482315,0.88709677
20251211,2025-12,300342,True,allowed_preheat_full_add,allowed_preheat_full_add,False,0.00263505,0.01493193,0.0153711,0.93975904
20251211,2025-12,600118,False,none,allowed_preheat_full_add,False,0.01771117,0.04437524,0.02666407,0.76586433
20251211,2025-12,600879,False,none,allowed_preheat_full_add,False,-0.01098901,0.00512821,0.01978022,0.62962963
20251211,2025-12,601698,False,none,allowed_preheat_full_add,False,0.00473526,0.01420577,0.00817908,0.63793103
20251211,2025-12,688066,False,none,allowed_preheat_probe_add,False,-0.01149826,0.00313589,-0.0087108,0.72222222
20251211,2025-12,688568,False,none,allowed_preheat_probe_add,False,-0.00318066,0.00296862,0.00318066,0.76190476
20251212,2025-12,000738,False,none,allowed_preheat_probe_add,False,0.00259202,0.00362882,0.00984966,0.69565217
20251212,2025-12,002085,False,none,allowed_preheat_probe_add,False,0.0,-0.00192802,0.00578406,0.38461538
20251212,2025-12,002465,False,none,allowed_preheat_probe_add,False,0.00073529,-0.00955882,-0.00955882,0.30952381
20251212,2025-12,003009,False,none,allowed_preheat_probe_add,False,0.00048364,-0.01064001,0.00967274,0.25531915
20251212,2025-12,300045,False,none,allowed_preheat_probe_add,False,0.0122499,0.00489996,0.01265823,0.37878788
20251212,2025-12,300342,False,none,allowed_preheat_probe_add,False,0.07284483,0.04913793,0.06767241,0.57407407
20251212,2025-12,600118,False,none,allowed_preheat_probe_add,False,0.00323194,-0.01026616,0.02661597,0.025
20251212,2025-12,600879,False,none,allowed_preheat_probe_add,False,0.00724638,-0.00724638,0.0615942,0.25
20251212,2025-12,601698,False,none,allowed_preheat_probe_add,False,-0.00043122,-0.00689953,0.00948685,0.18518519
20251212,2025-12,688066,False,none,allowed_preheat_probe_add,False,0.01811847,-0.00278746,0.01393728,0.14492754
20251212,2025-12,688523,False,none,allowed_preheat_probe_add,False,0.09923664,0.0610687,0.10610687,0.59405941
20251212,2025-12,688568,False,none,allowed_preheat_probe_add,False,0.01286106,-0.01054185,0.00463841,0.03846154
20251215,2025-12,000738,False,none,allowed_preheat_probe_add,False,0.00566135,-0.00566135,0.00463201,0.2972973
20251215,2025-12,002085,False,none,allowed_preheat_probe_add,False,-0.00191693,-0.00319489,-0.00447284,0.42857143
20251215,2025-12,003009,False,none,allowed_preheat_probe_add,False,0.00833333,-0.00333333,0.02,0.55696203
20251215,2025-12,300045,False,none,allowed_preheat_full_add,False,0.01334445,0.01125938,0.02835696,0.9
20251215,2025-12,300342,False,none,allowed_preheat_probe_add,False,0.01791667,-0.00625,0.01958333,0.52258065
20251215,2025-12,600118,False,none,allowed_preheat_full_add,False,0.01360153,0.02164751,0.0454023,0.92165899
20251215,2025-12,600879,False,none,allowed_preheat_full_add,False,0.03082192,0.02260274,0.0739726,0.68831169
20251215,2025-12,601698,False,none,allowed_preheat_full_add,False,0.02064119,0.02064119,0.02722881,0.94
20251215,2025-12,688066,False,none,allowed_preheat_full_add,False,0.02714286,0.01785714,0.06821429,0.65277778
20251215,2025-12,688523,False,none,allowed_preheat_probe_add,False,0.00651163,0.00232558,-0.00651163,0.77456647
20251215,2025-12,688568,False,none,allowed_preheat_probe_add,False,0.01751794,0.00590967,0.02870409,0.48507463
20251216,2025-12,300342,False,none,allowed_preheat_full_add,False,-0.03150912,0.09079602,0.06177446,0.94842407
20251216,2025-12,600879,False,none,allowed_preheat_probe_add,False,-0.02241066,-0.01332526,0.04542701,0.54022989
20251216,2025-12,601698,False,none,allowed_preheat_probe_add,False,-0.01447368,-0.00657895,-0.00526316,0.67346939
20251217,2025-12,000738,False,none,allowed_preheat_probe_add,False,0.01174068,-0.00153139,-0.0245023,0.17647059
20251217,2025-12,002085,False,none,allowed_preheat_probe_add,False,0.00201207,0.00268276,-0.01140174,0.53333333
20251217,2025-12,002465,False,none,allowed_preheat_probe_add,False,0.00692308,-0.00230769,-0.02076923,0.2173913
20251217,2025-12,300045,False,none,allowed_preheat_probe_add,False,0.0203666,0.00692464,-0.01181263,0.38043478
20251217,2025-12,300342,False,none,allowed_preheat_probe_add,False,0.06511628,0.01550388,-0.00193798,0.18181818
20251217,2025-12,600118,False,none,allowed_preheat_probe_add,False,0.02735849,0.00716981,-0.01433962,0.30569948
20251217,2025-12,600879,False,none,allowed_preheat_probe_add,False,-0.00225225,-0.01013514,-0.05461712,0.71428571
20251217,2025-12,601698,False,none,allowed_preheat_probe_add,False,0.01506276,0.00167364,0.02887029,0.23611111
20251217,2025-12,688066,True,allowed_preheat_full_add,allowed_preheat_probe_add,False,0.01226551,-0.00829726,-0.0494228,0.1372549
20251217,2025-12,688523,False,none,allowed_preheat_probe_add,False,0.00025132,-0.01432521,-0.02915305,0.03521127
20251217,2025-12,688568,False,none,allowed_preheat_probe_add,False,0.01393189,0.00663423,-0.01304732,0.35714286
20251218,2025-12,000738,True,allowed_preheat_full_add,allowed_preheat_probe_add,False,0.00155844,0.00727273,0.0161039,0.56666667
20251218,2025-12,002085,False,none,allowed_preheat_full_add,False,0.0,0.00604027,0.01275168,0.66666667
20251218,2025-12,002465,False,none,allowed_preheat_full_add,False,-0.00078802,0.01260835,0.04334121,0.6875
20251218,2025-12,003009,False,none,allowed_preheat_full_add,False,0.01032525,0.01497161,0.02546894,0.70103093
20251218,2025-12,300045,False,none,allowed_preheat_full_add,False,0.00784476,0.02188274,0.05615194,0.67032967
20251218,2025-12,300342,False,none,allowed_preheat_full_add,False,0.04153605,0.13283699,0.18338558,0.89920424
20251218,2025-12,600118,False,none,allowed_preheat_full_add,False,0.00683242,0.02505219,0.04213323,0.69777778
20251218,2025-12,600879,False,none,allowed_preheat_full_add,False,0.00413467,0.0218547,0.06497342,0.63157895
20251218,2025-12,601698,False,none,allowed_preheat_probe_add,False,-0.0075188,0.0037594,0.04177109,0.65
20251218,2025-12,688066,False,none,allowed_preheat_full_add,False,0.00804598,0.03180077,0.06436782,0.664
20251218,2025-12,688523,False,none,allowed_preheat_full_add,False,0.01627066,0.04209711,0.10485537,0.91847826
20251218,2025-12,688568,False,none,allowed_preheat_full_add,False,0.00811542,0.02254283,0.08205591,0.70921986
20251219,2025-12,000738,True,allowed_preheat_full_add,allowed_preheat_full_add,False,0.02486048,0.02739726,0.02232369,0.93103448
20251219,2025-12,002085,True,allowed_preheat_full_add,allowed_preheat_full_add,False,0.01407507,0.01675603,0.0227882,0.96153846
20251219,2025-12,002465,False,none,allowed_preheat_probe_add,False,0.00990854,0.00838415,0.0007622,0.39285714
20251219,2025-12,003009,False,none,allowed_preheat_full_add,False,0.04457627,0.0559322,0.04525424,0.73509934
20251219,2025-12,300045,False,none,allowed_preheat_probe_add,False,0.02057776,0.01543332,-0.00435299,0.41584158
20251219,2025-12,300342,False,none,allowed_preheat_probe_add,False,0.0,-0.01300479,-0.03969884,0.04
20251219,2025-12,600118,False,none,allowed_preheat_full_add,False,0.02530973,0.03504425,0.04902655,0.86086957
20251219,2025-12,600879,False,none,allowed_preheat_probe_add,False,0.016,0.01828571,0.00457143,0.52238806
20251219,2025-12,601698,False,none,allowed_preheat_full_add,False,0.02122449,0.02122449,0.00653061,0.76470588
20251219,2025-12,688066,False,none,allowed_preheat_probe_add,False,0.02059249,0.01481214,-0.01336705,0.46086957
20251219,2025-12,688568,False,none,allowed_preheat_probe_add,False,0.01342282,0.01105409,-0.01440979,0.40186916
20251222,2025-12,000738,False,none,allowed_preheat_probe_add,False,-0.01674641,-0.01052632,-0.01913876,0.38636364
20251222,2025-12,002085,True,allowed_preheat_full_add,allowed_preheat_full_add,False,0.0071708,0.0136897,0.0071708,1.0
20251222,2025-12,002465,False,none,allowed_preheat_probe_add,False,-0.00451807,0.0,0.00376506,0.54545455
20251222,2025-12,003009,False,none,allowed_preheat_probe_add,False,-0.01535018,0.00079949,0.00719539,0.84615385
20251222,2025-12,300045,False,none,allowed_preheat_probe_add,False,0.00778816,0.01090343,-0.00272586,0.32335329
20251222,2025-12,300342,False,none,allowed_preheat_probe_add,False,-0.03728814,-0.01423729,0.01627119,0.6440678
20251222,2025-12,600118,False,none,allowed_preheat_probe_add,False,-0.01652893,-0.00413223,0.03917355,0.45408163
20251222,2025-12,601698,False,none,allowed_preheat_probe_add,False,-0.01201442,0.00040048,0.00760913,0.58571429
20251222,2025-12,688066,False,none,allowed_preheat_probe_add,False,-0.00897666,-0.00897666,-0.00610413,0.24285714
20251222,2025-12,688523,False,none,allowed_preheat_probe_add,False,-0.01623529,-0.00329412,0.00023529,0.61983471
20251222,2025-12,688568,False,none,allowed_preheat_probe_add,False,-0.0134,-0.0096,-0.0072,0.26168224
20251223,2025-12,000738,False,none,allowed_preheat_full_add,False,-0.00836614,0.00688976,0.00738189,1.0
20251223,2025-12,002085,False,none,allowed_preheat_probe_add,False,-0.00578035,-0.00899165,-0.01348748,0.17647059
20251223,2025-12,002465,False,none,allowed_preheat_probe_add,False,-0.01275319,-0.0060015,0.00450113,0.55882353
20251223,2025-12,003009,False,none,allowed_preheat_full_add,False,-0.01264,0.01344,0.01152,1.0
20251223,2025-12,300045,False,none,allowed_preheat_full_add,False,-0.01496063,0.00669291,-0.01259843,0.87254902
20251223,2025-12,600118,False,none,allowed_preheat_full_add,False,-0.02442099,0.03623759,0.00992595,1.0
20251223,2025-12,600879,False,none,allowed_preheat_probe_add,False,-0.0203252,-0.014518,-0.02439024,0.36206897
20251223,2025-12,688523,False,none,allowed_preheat_probe_add,False,-0.01848296,-0.00024004,-0.02352376,0.68468468
20251223,2025-12,688568,False,none,allowed_preheat_probe_add,False,-0.0178,-0.0064,-0.0194,0.73972603
20251224,2025-12,000738,False,none,allowed_preheat_full_add,False,0.00201005,0.00603015,0.01758794,0.60869565
20251224,2025-12,002085,False,none,allowed_preheat_full_add,False,0.00196721,0.00590164,0.00918033,0.73684211
20251224,2025-12,002465,False,none,allowed_preheat_probe_add,False,0.00232019,0.00232019,0.02861562,0.35714286
20251224,2025-12,003009,False,none,allowed_preheat_full_add,False,0.01143847,0.01681109,0.04090121,0.60248447
20251224,2025-12,300045,False,none,allowed_preheat_full_add,False,-0.0049896,0.01081081,0.04989605,0.74137931
20251224,2025-12,300342,False,none,allowed_preheat_full_add,False,0.0312,0.038,0.172,0.82608696
20251224,2025-12,600118,False,none,allowed_preheat_full_add,False,0.01285567,0.02845389,0.08519026,0.84263959
20251224,2025-12,600879,False,none,allowed_preheat_full_add,False,0.02580645,0.02451613,0.06451613,0.63333333
20251224,2025-12,601698,False,none,allowed_preheat_full_add,False,0.00603188,0.01335631,0.03877639,0.775
20251224,2025-12,688066,False,none,allowed_preheat_full_add,False,-0.00233827,0.0066251,0.0335152,0.62790698
20251224,2025-12,688523,False,none,allowed_preheat_full_add,False,0.01491756,0.01936666,0.05103376,0.66666667
20251224,2025-12,688568,False,none,allowed_preheat_probe_add,False,-0.0012766,-0.00170213,0.01382979,0.29411765
20251225,2025-12,000738,False,none,allowed_preheat_probe_add,False,0.01810176,0.01516634,0.04207436,0.59322034
20251225,2025-12,002085,False,none,allowed_preheat_probe_add,False,0.0045425,0.00389358,0.01232966,0.61538462
20251225,2025-12,002465,False,none,allowed_preheat_full_add,False,0.00445765,0.01114413,0.01485884,0.84615385
20251225,2025-12,003009,False,none,allowed_preheat_full_add,False,0.01830443,0.0687219,0.1009955,0.97840173
20251225,2025-12,300045,False,none,allowed_preheat_full_add,False,0.01190476,0.01865079,0.03650794,0.71830986
20251225,2025-12,300342,False,none,allowed_preheat_full_add,False,0.01492063,0.02761905,0.01555556,0.62142857
20251225,2025-12,600118,False,none,allowed_preheat_full_add,False,0.03774981,0.04293116,0.0373057,0.91131498
20251225,2025-12,600879,False,none,allowed_preheat_full_add,False,0.01555955,0.02932376,0.07899461,0.77777778
20251225,2025-12,601698,False,none,allowed_preheat_full_add,False,0.01711491,0.02322738,0.02770986,0.79775281
20251225,2025-12,688066,False,none,allowed_preheat_full_add,False,0.02194245,0.02877698,0.03165468,0.82905983
20251225,2025-12,688523,False,none,allowed_preheat_full_add,False,0.01690701,0.04152163,0.04276479,0.78695652
20251225,2025-12,688568,False,none,allowed_preheat_full_add,False,0.02613566,0.02509853,0.03339556,0.70114943
20251226,2025-12,000738,False,none,allowed_preheat_probe_add,False,-0.00142518,-0.00190024,0.00522565,0.63636364
20251226,2025-12,002085,False,none,allowed_preheat_probe_add,False,0.00314465,0.00188679,0.00062893,0.54545455
20251226,2025-12,002465,False,none,allowed_preheat_full_add,False,0.00876552,0.00949598,0.0182615,0.85
20251226,2025-12,003009,False,none,allowed_preheat_full_add,False,0.02931311,0.04258422,0.05177191,1.0
20251226,2025-12,300045,False,none,allowed_preheat_probe_add,False,0.05975073,0.02895894,0.01906158,0.45930233
20251226,2025-12,300342,False,none,allowed_preheat_full_add,False,0.04242424,0.05606061,0.0369697,0.81578947
20251226,2025-12,600118,False,none,allowed_preheat_full_add,False,0.01202703,0.0272973,0.03054054,0.9691358
20251226,2025-12,600879,False,none,allowed_preheat_full_add,False,0.02880435,0.03967391,0.01413043,0.98648649
20251226,2025-12,601698,False,none,allowed_preheat_full_add,False,0.0038835,0.01359223,0.04427184,0.97560976
20251226,2025-12,688066,False,none,allowed_preheat_full_add,False,0.03327616,0.03842196,0.04116638,0.92561983
20251226,2025-12,688523,False,none,allowed_preheat_full_add,False,0.01232812,0.02726411,0.03295401,0.96938776
20251226,2025-12,688568,False,none,allowed_preheat_full_add,False,0.00233918,0.0122807,0.04873294,0.96842105
20251229,2025-12,000738,False,none,allowed_preheat_probe_add,False,-0.01043148,-0.00806069,-0.01327643,0.34285714
20251229,2025-12,002085,False,none,allowed_preheat_probe_add,False,0.00062735,0.00062735,0.00564617,0.6875
20251229,2025-12,002465,False,none,allowed_preheat_full_add,False,0.09819495,0.10830325,0.10830325,1.0
20251229,2025-12,003009,False,none,allowed_preheat_full_add,False,0.00800466,0.02823461,0.00800466,1.0
20251229,2025-12,300045,False,none,allowed_preheat_full_add,False,0.00407407,0.03444444,0.03333333,0.89726027
20251229,2025-12,600118,False,none,allowed_preheat_full_add,False,-0.00765432,0.01975309,0.04753086,0.79685611
20251229,2025-12,600879,False,none,allowed_preheat_probe_add,False,0.00842105,0.0,0.01368421,0.56603774
20251229,2025-12,601698,False,none,allowed_preheat_full_add,False,0.00847757,0.01518898,0.02507948,0.77348066
20251229,2025-12,688066,False,none,allowed_preheat_full_add,False,0.0625,0.09407895,0.08289474,0.88980716
20251229,2025-12,688523,False,none,allowed_preheat_full_add,False,0.00452381,0.11214286,0.15880952,1.0
20251229,2025-12,688568,False,none,allowed_preheat_full_add,False,-0.00562641,0.0271943,0.01106527,0.9789916
20251230,2025-12,000738,False,none,allowed_preheat_probe_add,False,-0.00863309,-0.00143885,0.02494005,0.76190476
20251230,2025-12,002085,False,none,allowed_preheat_probe_add,False,0.00253004,0.00442758,0.01328273,0.6
20251230,2025-12,002465,False,none,allowed_preheat_full_add,False,0.00533333,0.03133333,0.02533333,1.0
20251230,2025-12,003009,False,none,allowed_preheat_probe_add,False,-0.01449275,0.00101449,0.05405797,1.0
20251230,2025-12,300045,False,none,allowed_preheat_probe_add,False,0.01036653,0.01073676,0.04183636,0.48333333
20251230,2025-12,300342,False,none,allowed_preheat_full_add,False,0.0244873,0.04499541,0.01101928,0.93548387
20251230,2025-12,600118,False,none,allowed_preheat_full_add,False,0.05620609,0.09098361,0.11791569,1.0
20251230,2025-12,600879,False,none,allowed_preheat_full_add,False,0.004772,0.02598091,0.09490986,0.98484848
20251230,2025-12,601698,False,none,allowed_preheat_full_add,False,0.03068966,0.06413793,0.13793103,0.94957983
20251230,2025-12,688066,False,none,allowed_preheat_probe_add,False,-0.009375,-0.0121875,0.0059375,0.17073171
20251230,2025-12,688568,False,none,allowed_preheat_full_add,False,0.00672897,0.0082243,0.02672897,0.71428571
20251231,2025-12,000738,False,none,allowed_preheat_probe_add,False,0.02414293,0.01448576,0.01207146,0.57692308
20251231,2025-12,002085,False,none,allowed_preheat_probe_add,False,0.00187852,-0.0025047,-0.00500939,0.16666667
20251231,2025-12,002465,False,none,allowed_preheat_probe_add,False,0.01131071,-0.00399202,-0.00066534,0.05555556
20251231,2025-12,003009,False,none,allowed_preheat_probe_add,False,0.03268526,0.01169343,0.03691181,0.29876543
20251231,2025-12,300045,False,none,allowed_preheat_probe_add,False,0.02408339,0.0147376,0.02695902,0.39814815
20251231,2025-12,300342,False,none,allowed_preheat_full_add,False,0.0228125,0.04,0.0165625,0.68449198
20251231,2025-12,600118,False,none,allowed_preheat_full_add,False,0.03409091,0.04352273,0.04738636,0.8326087
20251231,2025-12,600879,False,none,allowed_preheat_full_add,False,0.04130098,0.03923593,0.05988642,0.8172043
20251231,2025-12,601698,False,none,allowed_preheat_full_add,False,0.03598015,0.05459057,0.05769231,1.0
20251231,2025-12,688066,False,none,allowed_preheat_probe_add,False,0.02096098,0.01418897,0.00193486,0.44
20251231,2025-12,688523,False,none,allowed_preheat_full_add,False,0.01034693,0.03002637,0.03733009,0.70517928
20251231,2025-12,688568,False,none,allowed_preheat_probe_add,False,0.01502912,0.02047717,0.03456697,0.55778894
20260105,2026-01,002085,False,none,allowed_preheat_full_add,False,0.00679012,0.00802469,0.0,0.71428571
20260105,2026-01,002465,False,none,allowed_preheat_full_add,False,-0.01818182,0.02181818,0.00848485,0.89690722
20260105,2026-01,003009,False,none,allowed_preheat_full_add,False,-0.02177158,0.02637472,0.03508335,1.0
20260105,2026-01,300342,False,none,allowed_preheat_full_add,False,-0.03005058,0.00892591,-0.00267777,0.90547264
20260105,2026-01,600118,False,none,allowed_preheat_probe_add,False,-0.02059406,-0.0109901,-0.03920792,0.70942408
20260105,2026-01,601698,False,none,allowed_preheat_full_add,False,0.02673213,0.04446263,0.03982542,0.89071038
20260105,2026-01,688523,False,none,allowed_preheat_probe_add,False,0.04538395,0.04176014,0.0,0.46449136
20260105,2026-01,688568,False,none,allowed_preheat_full_add,False,-0.00383333,0.02966667,0.01266667,0.83526012
20260106,2026-01,000738,False,none,allowed_preheat_full_add,False,0.00707547,0.01179245,0.01933962,0.7804878
20260106,2026-01,002085,False,none,allowed_preheat_full_add,False,0.00493218,0.00616523,0.01787916,0.625
20260106,2026-01,002465,False,none,allowed_preheat_probe_add,False,0.01200873,0.0010917,0.01637555,0.37804878
20260106,2026-01,300045,False,none,allowed_preheat_probe_add,False,0.01884817,0.00907504,0.04328098,0.4
20260106,2026-01,300342,False,none,allowed_preheat_probe_add,False,0.01545254,0.01545254,0.02081362,0.34722222
20260106,2026-01,600118,False,none,allowed_preheat_full_add,False,0.06326762,0.05944886,0.03901331,0.81012658
20260106,2026-01,600879,False,none,allowed_preheat_full_add,False,0.04976526,0.05117371,0.01830986,0.83846154
20260106,2026-01,601698,False,none,allowed_preheat_full_add,False,0.03926963,0.05077539,0.06903452,0.87628866
20260106,2026-01,688066,False,none,allowed_preheat_probe_add,False,0.00928594,-0.00864553,0.00928594,0.10869565
20260106,2026-01,688523,False,none,allowed_preheat_full_add,False,0.022,0.08833333,0.11566667,1.0
20260106,2026-01,688568,False,none,allowed_preheat_probe_add,False,0.00761937,-0.01185235,-0.0140535,0.19553073
20260107,2026-01,000738,False,none,allowed_preheat_probe_add,False,-0.01845185,-0.00990099,0.00045005,0.5
20260107,2026-01,002085,False,none,allowed_preheat_probe_add,False,-0.00968523,-0.0066586,-0.01634383,0.45
20260107,2026-01,002465,False,none,allowed_preheat_full_add,False,-0.02002002,0.00900901,0.001001,0.688
20260107,2026-01,003009,False,none,allowed_preheat_full_add,False,-0.02307692,0.00780543,-0.01368778,0.93920973
20260107,2026-01,300045,False,none,allowed_preheat_probe_add,False,-0.02369668,-0.01184834,-0.03486798,0.44827586
20260107,2026-01,300342,False,none,allowed_preheat_probe_add,False,-0.03329334,-0.00089982,0.01169766,0.82978723
20260107,2026-01,600118,False,none,allowed_preheat_probe_add,False,-0.03592233,-0.01456311,-0.02252427,0.5952381
20260107,2026-01,600879,False,none,allowed_preheat_probe_add,False,-0.01702128,0.00382979,-0.00468085,0.87777778
20260108,2026-01,000738,False,none,allowed_preheat_probe_add,False,-0.00136364,0.00181818,0.03045455,0.28571429
20260108,2026-01,002085,False,none,allowed_preheat_full_add,False,0.01373283,0.00998752,0.01997503,0.71428571
20260108,2026-01,003009,False,none,allowed_preheat_full_add,False,-0.00541113,0.02270321,0.05505235,0.7314578
20260108,2026-01,300045,False,none,allowed_preheat_probe_add,False,-0.00357526,-0.00643547,0.02145156,0.10909091
20260108,2026-01,300342,False,none,allowed_preheat_probe_add,False,0.01764354,0.00508373,0.04037081,0.09292035
20260108,2026-01,600118,False,none,allowed_preheat_probe_add,False,0.02525253,-0.00353535,0.02777778,0.03076923
20260108,2026-01,600879,False,none,allowed_preheat_full_add,False,0.01959114,0.04599659,0.10902896,0.98198198
20260108,2026-01,601698,False,none,allowed_preheat_probe_add,False,0.01131008,-0.01107446,0.02921772,0.01333333
20260108,2026-01,688066,False,none,allowed_preheat_full_add,False,0.01144674,0.07217806,0.08648649,0.8630137
20260108,2026-01,688523,False,none,allowed_preheat_full_add,False,-0.00366997,0.02568982,0.05205926,0.69477912
20260108,2026-01,688568,False,none,allowed_preheat_probe_add,False,0.00623917,0.00381282,0.04679376,0.36956522
20260109,2026-01,000738,False,none,allowed_preheat_full_add,False,0.00826446,0.01261418,0.02261853,0.63043478
20260109,2026-01,002085,False,none,allowed_preheat_probe_add,False,-0.00182371,-0.00243161,0.00182371,0.44444444
20260109,2026-01,002465,False,none,allowed_preheat_probe_add,False,-0.04391583,-0.01235133,-0.03019213,0.66666667
20260109,2026-01,003009,False,none,allowed_preheat_probe_add,False,-0.02516424,-0.00924173,0.02427347,0.54775281
20260109,2026-01,300045,False,none,allowed_preheat_full_add,False,-0.01164384,0.00582192,0.05,0.86153846
20260109,2026-01,300342,False,none,allowed_preheat_probe_add,False,-0.03055556,-0.00444444,0.02305556,0.62352941
20260109,2026-01,600118,False,none,allowed_preheat_full_add,False,-0.00896126,0.00655232,0.03102717,0.94794521
20260109,2026-01,600879,False,none,allowed_preheat_full_add,False,0.01272727,0.03309091,0.04327273,0.83225806
20260109,2026-01,601698,False,none,allowed_preheat_full_add,False,0.03910242,0.03465896,0.06354144,0.8342246
20260109,2026-01,688066,False,none,allowed_preheat_probe_add,False,-0.03025756,-0.00050013,0.04026007,0.98369565
20260109,2026-01,688523,False,none,allowed_preheat_probe_add,False,-0.02638191,-0.01306533,0.01005025,0.67191601
20260109,2026-01,688568,False,none,allowed_preheat_full_add,False,0.0037637,0.01423662,0.08541973,0.99259259
20260112,2026-01,000738,False,none,allowed_preheat_probe_add,False,-0.00340426,0.00212766,0.01404255,0.7027027
20260112,2026-01,002085,False,none,allowed_preheat_probe_add,False,0.0059952,0.00179856,-0.0029976,0.2
20260112,2026-01,002465,False,none,allowed_preheat_probe_add,False,0.00477555,-0.00143266,0.03151862,0.38888889
20260112,2026-01,003009,False,none,allowed_preheat_probe_add,False,0.03445278,0.02467123,0.04803826,0.58656331
20260112,2026-01,300045,False,none,allowed_preheat_full_add,False,-0.02243104,0.04152774,0.02303728,0.72435897
20260112,2026-01,300342,False,none,allowed_preheat_full_add,False,0.00536847,0.12030259,0.15080527,0.92435424
20260112,2026-01,600118,False,none,allowed_preheat_full_add,False,0.01973214,0.03107143,0.04160714,0.82282282
20260112,2026-01,600879,False,none,allowed_preheat_full_add,False,-0.00065574,0.01672131,0.0252459,0.79527559
20260112,2026-01,601698,False,none,allowed_preheat_full_add,False,-0.00078447,0.01941557,0.04138066,0.9
20260112,2026-01,688066,False,none,allowed_preheat_probe_add,False,0.01223736,0.02747633,0.04340799,0.5840708
20260112,2026-01,688523,False,none,allowed_preheat_full_add,False,0.02633206,0.02497218,0.06057609,0.82317073
20260112,2026-01,688568,False,none,allowed_preheat_full_add,False,0.00159675,0.07591813,0.08869212,0.94144838
20260113,2026-01,000738,True,failed_impulse_chase_add,failed_impulse_chase_add,False,-0.06572008,-0.06774848,-0.06815416,0.01764706
20260113,2026-01,002465,False,none,allowed_preheat_probe_add,False,-0.01652893,0.0,0.0,1.0
20260113,2026-01,003009,False,none,failed_impulse_chase_add,False,-0.09087188,-0.09097421,-0.09097421,0.0
20260113,2026-01,600879,False,none,failed_impulse_chase_add,False,-0.09090909,-0.11883339,-0.11852312,0.0
20260113,2026-01,601698,True,failed_impulse_chase_add,failed_impulse_chase_add,False,-0.09987006,-0.09987006,-0.09987006,0.0
20260114,2026-01,000738,False,none,allowed_preheat_probe_add,False,-0.01278096,-0.00044072,0.00484795,0.8125
20260114,2026-01,002085,False,none,allowed_preheat_full_add,False,0.00428659,0.01408451,0.01530925,1.0
20260114,2026-01,002465,False,none,allowed_preheat_probe_add,False,0.0,0.0,0.0,1.0
20260114,2026-01,003009,False,none,allowed_preheat_probe_add,False,0.00987654,0.01851852,0.04148148,0.34642032
20260114,2026-01,300045,False,none,allowed_preheat_probe_add,False,0.0008648,0.00115307,0.04352839,0.32231405
20260114,2026-01,300342,False,none,allowed_preheat_probe_add,False,0.01103144,0.00367715,0.03916161,0.46749226
20260114,2026-01,600118,False,none,allowed_preheat_probe_add,False,0.01897436,0.0008547,0.01923077,0.21946903
20260114,2026-01,600879,False,none,allowed_preheat_full_add,False,0.00609101,0.04120387,0.09029022,0.93548387
20260114,2026-01,601698,False,none,allowed_preheat_probe_add,False,0.00267857,0.00647321,0.02834821,0.33248082
20260114,2026-01,688066,False,none,allowed_preheat_probe_add,False,-0.01264933,-0.01382057,0.04591239,0.31168831
20260114,2026-01,688568,False,none,allowed_preheat_probe_add,False,0.02065282,0.00142433,0.08106825,0.35571429
20260115,2026-01,000738,False,none,blocked_board_lockout_add,True,0.00182648,0.00365297,-0.00319635,0.55319149
20260115,2026-01,003009,False,none,blocked_board_lockout_add,True,-0.01146497,-0.0044586,-0.01987261,0.64044944
20260115,2026-01,300342,False,none,blocked_board_lockout_add,True,0.02354758,0.04053272,-0.02567072,0.70234114
20260116,2026-01,600118,False,none,blocked_board_lockout_add,True,0.01557936,0.02570594,-0.02833496,0.62857143
20260119,2026-01,688568,False,none,blocked_board_lockout_add,True,0.00894319,0.01839023,-0.00012596,0.578125
20260121,2026-01,003009,False,none,blocked_board_lockout_add,True,0.00114286,0.012,-0.004,0.93333333
20260121,2026-01,300045,False,none,blocked_board_lockout_add,True,-0.00652921,0.00034364,-0.00515464,0.81081081
20260121,2026-01,300342,False,none,blocked_board_lockout_add,True,0.028727,0.02346977,-0.03980473,0.71904762
20260121,2026-01,688066,False,none,blocked_board_lockout_add,True,-0.00054451,0.00925674,-0.00408386,0.78082192
20260121,2026-01,688523,False,none,blocked_board_lockout_add,True,-0.01089431,-0.00325203,-0.02113821,0.63636364
20260123,2026-01,000738,False,none,blocked_board_lockout_add,True,-0.00467108,-0.00817439,-0.01479175,0.43243243
20260126,2026-01,000738,True,blocked_board_lockout_add,blocked_board_lockout_add,True,-0.01808682,0.00884244,-0.02170418,0.7979798
20260126,2026-01,300045,True,blocked_board_lockout_add,blocked_board_lockout_add,True,-0.01354402,-0.00032248,-0.05095131,0.78350515
20260126,2026-01,300342,True,blocked_board_lockout_add,blocked_board_lockout_add,True,-0.02016667,0.00666667,-0.049,0.85714286
20260126,2026-01,601698,True,blocked_board_lockout_add,blocked_board_lockout_add,True,-0.0165,-0.00375,-0.02775,0.44174757
20260126,2026-01,688568,False,none,blocked_board_lockout_add,True,-0.03060602,-0.00475552,-0.04304353,0.75
20260127,2026-01,002465,False,none,blocked_board_lockout_add,True,0.02099886,0.01759364,-0.01475596,0.72093023
20260127,2026-01,300045,False,none,blocked_board_lockout_add,True,0.008726,0.0069808,-0.02931937,0.60465116
20260127,2026-01,688066,False,none,blocked_board_lockout_add,True,0.02288269,0.02945818,-0.01236191,0.75675676
20260127,2026-01,688523,False,none,blocked_board_lockout_add,True,0.02022756,0.02085967,-0.02623262,0.67315175
20260128,2026-01,002085,False,none,blocked_board_lockout_add,True,0.00126582,0.00316456,-0.00506329,0.71428571
20260128,2026-01,002465,False,none,blocked_board_lockout_add,True,-0.00336134,0.00168067,-0.02464986,0.70588235
20260128,2026-01,003009,False,none,blocked_board_lockout_add,True,-0.0058156,-0.00156028,-0.01390071,0.6137931
20260128,2026-01,300045,False,none,blocked_board_lockout_add,True,-0.00958904,0.02842466,-0.00068493,0.82312925
20260128,2026-01,601698,False,none,blocked_board_lockout_add,True,-0.01986584,-0.00877193,-0.02708978,0.65714286
20260128,2026-01,688066,False,none,blocked_board_lockout_add,True,0.00463415,-0.0097561,-0.00073171,0.51533742
20260128,2026-01,688523,False,none,blocked_board_lockout_add,True,-0.01724138,-0.00470219,-0.01739812,0.71098266
20260128,2026-01,688568,False,none,blocked_board_lockout_add,True,-0.01347246,0.0070004,-0.02047286,0.86702128
20260204,2026-02,688523,False,none,blocked_board_lockout_add,True,0.00292263,0.00446085,-0.00799877,0.44588745
20260205,2026-02,300045,False,none,blocked_board_lockout_add,True,0.00441176,0.00477941,-0.00367647,0.62264151
20260205,2026-02,601698,False,none,blocked_board_lockout_add,True,-0.0044398,-0.00417864,-0.00574563,0.75757576
20260206,2026-02,000738,False,none,blocked_board_lockout_add,True,-0.02029721,-0.00398695,-0.02609641,0.75324675
20260209,2026-02,600118,False,none,blocked_board_lockout_add,True,-0.00671795,-0.00238379,-0.0026005,0.57142857
20260211,2026-02,000738,False,none,blocked_board_lockout_add,True,-0.01717836,-0.00073099,-0.00950292,0.72
20260211,2026-02,002465,False,none,blocked_board_lockout_add,True,0.0,0.00899888,-0.00281215,0.87878788
20260211,2026-02,003009,False,none,blocked_board_lockout_add,True,-0.00376212,0.00289394,-0.00636666,0.83529412
20260211,2026-02,300342,False,none,blocked_board_lockout_add,True,-0.01858736,0.00351095,-0.03634862,0.97560976
20260211,2026-02,600118,False,none,blocked_board_lockout_add,True,-0.00121587,0.00243175,-0.00408975,0.80645161
20260211,2026-02,600879,False,none,blocked_board_lockout_add,True,0.00557769,0.01195219,-0.00039841,0.875
20260211,2026-02,601698,False,none,blocked_board_lockout_add,True,-0.00219238,0.00657714,-0.00438476,0.97826087
20260211,2026-02,688066,False,none,blocked_board_lockout_add,True,-0.01278977,0.00159872,-0.01438849,0.83333333
20260211,2026-02,688523,False,none,blocked_board_lockout_add,True,0.00201174,0.00771165,-0.00720872,0.80232558
20260211,2026-02,688568,False,none,blocked_board_lockout_add,True,-0.00580357,0.00714286,-0.00491071,0.94117647
20260213,2026-02,002465,False,none,blocked_board_lockout_add,True,-0.00117578,-0.00293945,-0.00411523,0.41176471
20260213,2026-02,600118,False,none,blocked_board_lockout_add,True,-0.00091996,-0.00091996,-0.00195492,0.55263158
20260213,2026-02,688568,False,none,blocked_board_lockout_add,True,-0.00332075,0.00060377,-0.00256604,0.74603175
20260224,2026-02,000738,False,none,blocked_board_lockout_add,True,0.0,-0.0074199,-0.01180438,0.61403509
20260226,2026-02,002085,False,none,blocked_board_lockout_add,True,0.0,0.00375235,-0.00437774,1.0
20260227,2026-02,000738,False,none,blocked_board_lockout_add,True,-0.00707464,0.01096569,-0.01131942,0.97260274
20260309,2026-03,002465,False,none,blocked_board_lockout_add,True,0.00236546,0.01419279,-0.00887049,0.62745098
20260309,2026-03,300045,False,none,blocked_board_lockout_add,True,-0.005652,-0.005652,-0.02260799,0.54237288
20260309,2026-03,300342,False,none,blocked_board_lockout_add,True,0.01359223,0.01480583,-0.00072816,0.54954955
20260309,2026-03,601698,False,none,blocked_board_lockout_add,True,0.01342466,0.00520548,-0.00575342,0.46268657
20260310,2026-03,002085,False,none,blocked_board_lockout_add,True,-0.00240964,0.0,-0.00542169,0.42857143
20260310,2026-03,688066,False,none,blocked_board_lockout_add,True,-0.00124896,0.0020816,-0.01040799,0.68888889
20260310,2026-03,688568,False,none,blocked_board_lockout_add,True,-0.00013515,0.00905528,-0.02135424,0.77631579
20260311,2026-03,002465,False,none,blocked_board_lockout_add,True,0.00113636,0.00511364,-0.00284091,0.73333333
20260311,2026-03,300045,False,none,blocked_board_lockout_add,True,0.00039262,0.00706714,-0.01020809,0.85714286
20260311,2026-03,300342,False,none,blocked_board_lockout_add,True,-0.00091533,0.00228833,-0.00686499,0.5862069
20260311,2026-03,600118,False,none,blocked_board_lockout_add,True,-0.008,-0.00389474,-0.01336842,0.64375
20260311,2026-03,601698,False,none,blocked_board_lockout_add,True,-0.00728408,-0.00598335,-0.01352758,0.46511628
20260312,2026-03,000738,False,none,blocked_board_lockout_add,True,-0.00756972,-0.00717131,-0.02191235,0.47222222
20260312,2026-03,002465,False,none,blocked_board_lockout_add,True,-0.00697674,0.0,-0.01802326,0.81818182
20260312,2026-03,003009,False,none,blocked_board_lockout_add,True,-0.0068534,0.00417163,-0.01340882,0.8989899
20260312,2026-03,300342,False,none,blocked_board_lockout_add,True,-0.00589623,0.0,-0.01415094,0.75
20260312,2026-03,600118,False,none,blocked_board_lockout_add,True,-0.01618123,-0.00474649,-0.01434736,0.73170732
20260312,2026-03,600879,False,none,blocked_board_lockout_add,True,-0.01280559,-0.00388048,-0.01901436,0.72916667
20260312,2026-03,688523,False,none,blocked_board_lockout_add,True,-0.02853848,-0.00706255,-0.02695301,0.76170213
20260316,2026-03,000738,False,none,blocked_board_lockout_add,True,-0.00297619,-0.00212585,-0.00595238,0.5483871
20260316,2026-03,002465,False,none,blocked_board_lockout_add,True,-0.0068793,-0.00500313,-0.01751094,0.5
20260316,2026-03,003009,False,none,blocked_board_lockout_add,True,-0.00629032,-0.00177419,-0.02306452,0.57352941
20260318,2026-03,000738,False,none,blocked_board_lockout_add,True,0.0004329,0.00562771,-0.0025974,0.93548387
20260318,2026-03,002085,False,none,blocked_board_lockout_add,True,0.0,0.00194553,-0.00453956,0.76923077
20260318,2026-03,002465,False,none,blocked_board_lockout_add,True,-0.00641437,-0.00128287,-0.00064144,0.73913043
20260318,2026-03,300045,False,none,blocked_board_lockout_add,True,-0.00383468,-0.00127823,-0.00085215,0.8
20260319,2026-03,000738,False,none,blocked_board_lockout_add,True,-0.00389273,-0.00605536,-0.0134083,0.48148148
20260319,2026-03,300045,False,none,blocked_board_lockout_add,True,-0.0008471,0.0008471,-0.00211775,0.77777778
20260320,2026-03,000738,False,none,blocked_board_lockout_add,True,-0.0021978,-0.00043956,-0.02021978,0.61904762
20260320,2026-03,002085,False,none,blocked_board_lockout_add,True,-0.0019544,0.0,-0.01302932,0.5
20260320,2026-03,002465,False,none,blocked_board_lockout_add,True,-0.00514469,-0.00128617,-0.02508039,0.47058824
20260320,2026-03,600118,False,none,blocked_board_lockout_add,True,-0.00452381,0.00142857,-0.01928571,0.58518519
20260320,2026-03,600879,False,none,blocked_board_lockout_add,True,-0.00711744,-0.00311388,-0.02135231,0.55882353
20260320,2026-03,601698,False,none,blocked_board_lockout_add,True,-0.01140351,-0.00818713,-0.02719298,0.44
20260323,2026-03,000738,False,none,blocked_board_lockout_add,True,-0.00647848,-0.00370199,-0.00046275,0.51851852
20260323,2026-03,002085,False,none,blocked_board_lockout_add,True,-0.01217862,-0.0067659,-0.00608931,0.65714286
20260323,2026-03,688568,False,none,blocked_board_lockout_add,True,-0.00167224,-0.00380055,-0.03146853,0.67839196
20260324,2026-03,688523,False,none,blocked_board_lockout_add,True,-0.00633439,0.00283381,-0.00916819,0.61935484
20260327,2026-03,688568,False,none,blocked_board_lockout_add,True,-0.00651194,-0.00717983,-0.00500918,0.48192771
20260401,2026-04,300342,False,none,blocked_board_lockout_add,True,-0.02515361,-0.00192012,-0.04723502,0.77254902
20260402,2026-04,000738,False,none,blocked_board_lockout_add,True,0.01953488,0.02325581,-0.00232558,0.95
20260402,2026-04,002465,False,none,blocked_board_lockout_add,True,-0.0080429,0.00134048,-0.01273458,0.96
20260402,2026-04,003009,False,none,blocked_board_lockout_add,True,0.00988211,0.00693481,-0.01941748,0.5
20260402,2026-04,300045,False,none,blocked_board_lockout_add,True,0.0004583,0.00733272,-0.01054079,0.84848485
20260402,2026-04,600118,False,none,blocked_board_lockout_add,True,-0.00100063,0.00262664,-0.01300813,0.62043796
20260402,2026-04,600879,False,none,blocked_board_lockout_add,True,0.00324374,0.01899907,-0.01297498,0.89230769
20260402,2026-04,601698,False,none,blocked_board_lockout_add,True,0.00276668,0.00891485,-0.01414079,0.86538462
20260402,2026-04,688066,False,none,blocked_board_lockout_add,True,-0.0010582,0.0015873,-0.03597884,0.90625
20260402,2026-04,688523,False,none,blocked_board_lockout_add,True,0.00143449,0.02135799,-0.03092126,0.84615385
20260402,2026-04,688568,False,none,blocked_board_lockout_add,True,-0.00478943,0.00495458,-0.02246078,0.89855072
