trade_date,regime_proxy_semantic,control_avg_return,control_positive_breadth,control_limit_heat,confirmation_positive_breadth,sentiment_positive_breadth,continuation_support,turning_point_risk,termination_risk
20240102,warmup_neutral,-0.0145814,0.08333333,0.0,0.54545455,0.66666667,0.0,0.0,0.0
20240103,warmup_neutral,-0.02885804,0.0,0.0,0.0,0.16666667,0.0,0.0,0.0
20240104,warmup_neutral,-0.01141745,0.08333333,0.0,0.18181818,0.20833333,0.0,0.0,0.0
20240105,warmup_neutral,-0.03371952,0.0,0.0,0.0,0.04166667,0.0,0.0,0.0
20240108,warmup_neutral,-0.02437423,0.08333333,0.0,0.0,0.08333333,0.0,0.0,0.0
20240109,warmup_neutral,-0.00542523,0.33333333,0.0,0.36363636,0.70833333,0.0,0.0,0.0
20240110,warmup_neutral,-0.01383161,0.16666667,0.0,0.27272727,0.125,0.0,0.0,0.0
20240111,warmup_neutral,0.03032238,1.0,0.08333333,1.0,1.0,0.0,0.0,0.0
20240112,warmup_neutral,0.01497337,0.66666667,0.0,0.36363636,0.5,0.0,0.0,0.0
20240115,warmup_neutral,-0.02336066,0.08333333,0.0,0.0,0.25,0.0,0.0,0.0
20240116,warmup_neutral,-0.00662782,0.16666667,0.08333333,0.18181818,0.25,0.0,0.0,0.0
20240117,warmup_neutral,-0.02553491,0.08333333,0.0,0.09090909,0.04166667,0.0,0.0,0.0
20240118,warmup_neutral,0.01358213,0.83333333,0.0,0.45454545,0.41666667,0.0,0.0,0.0
20240119,warmup_neutral,-0.02401343,0.16666667,0.0,0.0,0.125,0.0,0.0,0.0
20240122,warmup_neutral,-0.05471258,0.0,0.0,0.0,0.0,0.0,0.0,0.0
20240123,warmup_neutral,0.01529474,0.91666667,0.08333333,0.90909091,0.58333333,0.0,0.0,0.0
20240124,warmup_neutral,0.0217184,0.83333333,0.0,0.63636364,0.83333333,0.0,0.0,0.0
20240125,warmup_neutral,0.04620251,1.0,0.08333333,0.90909091,0.95833333,0.0,0.0,0.0
20240126,warmup_neutral,-0.02208196,0.0,0.0,0.09090909,0.29166667,0.0,0.0,0.0
20240129,warmup_neutral,-0.02329276,0.16666667,0.0,0.0,0.08333333,0.0,0.0,0.0
20240130,warmup_neutral,-0.03509718,0.0,0.0,0.09090909,0.0,0.0,0.0,0.0
20240131,warmup_neutral,-0.04339358,0.0,0.0,0.09090909,0.0,0.0,0.0,0.0
20240201,warmup_neutral,0.00385107,0.66666667,0.0,0.36363636,0.25,0.0,0.0,0.0
20240202,warmup_neutral,-0.04545129,0.0,0.0,0.09090909,0.125,0.0,0.0,0.0
20240205,warmup_neutral,-0.07485982,0.0,0.0,0.18181818,0.0,0.0,0.0,0.0
20240206,warmup_neutral,0.07306898,1.0,0.41666667,0.81818182,0.70833333,0.0,0.0,0.0
20240207,warmup_neutral,0.03950522,0.75,0.25,0.72727273,0.5,0.0,0.0,0.0
20240208,warmup_neutral,0.05188282,1.0,0.0,0.90909091,0.95833333,0.0,0.0,0.0
20240219,warmup_neutral,0.01231689,0.58333333,0.0,0.36363636,0.75,0.0,0.0,0.0
20240220,warmup_neutral,0.01304139,0.58333333,0.0,0.27272727,0.58333333,0.0,0.0,0.0
20240221,sentiment_overdrive_transition_proxy,0.00347745,0.41666667,0.0,0.54545455,0.79166667,0.0,0.0,0.0
20240222,sentiment_overdrive_transition_proxy,0.02370829,1.0,0.0,0.90909091,0.95833333,0.0,0.0,0.0
20240223,sentiment_overdrive_transition_proxy,0.02422288,0.91666667,0.0,0.72727273,1.0,0.0,0.0,0.0
20240226,sentiment_overdrive_transition_proxy,0.01672375,0.91666667,0.0,0.72727273,0.875,0.0,0.0,0.0
20240227,sentiment_overdrive_transition_proxy,0.05372526,0.91666667,0.08333333,1.0,0.95833333,0.0,0.0,0.0
20240228,risk_off_deterioration_proxy,-0.06888336,0.0,0.0,0.0,0.0,0.0,0.0,0.0
20240229,sentiment_overdrive_transition_proxy,0.06547528,1.0,0.08333333,1.0,1.0,0.0,0.0,0.0
20240301,weak_drift_chop_proxy,0.02332739,1.0,0.0,0.90909091,0.875,0.0,0.0,0.0
20240304,weak_drift_chop_proxy,-0.00227602,0.41666667,0.0,0.27272727,0.33333333,0.0,0.0,0.0
20240305,weak_drift_chop_proxy,-0.00133156,0.5,0.0,0.27272727,0.20833333,0.0,0.0,0.0
20240306,weak_drift_chop_proxy,0.00299832,0.33333333,0.0,0.54545455,0.66666667,0.0,0.0,0.0
20240307,risk_off_deterioration_proxy,-0.03109954,0.08333333,0.0,0.09090909,0.20833333,0.0,0.0,0.0
20240308,weak_drift_chop_proxy,0.027498,1.0,0.08333333,0.90909091,0.83333333,0.0,0.0,0.0
20240311,weak_drift_chop_proxy,0.01622763,0.83333333,0.08333333,0.72727273,0.83333333,0.0,0.0,0.0
20240312,weak_drift_chop_proxy,0.02444285,1.0,0.08333333,0.81818182,0.75,0.0,0.0,0.0
20240313,weak_drift_chop_proxy,0.01510657,1.0,0.08333333,0.63636364,0.375,0.0,0.0,0.0
20240314,weak_drift_chop_proxy,-0.02013291,0.0,0.0,0.18181818,0.04166667,0.0,0.0,0.0
20240315,sentiment_overdrive_transition_proxy,0.01702398,0.83333333,0.08333333,0.81818182,0.91666667,0.0,0.0,0.0
20240318,sentiment_overdrive_transition_proxy,0.03215471,0.91666667,0.08333333,1.0,0.95833333,0.0,0.0,0.0
20240319,weak_drift_chop_proxy,0.01040737,0.5,0.08333333,0.36363636,0.45833333,0.0,0.0,0.0
20240320,weak_drift_chop_proxy,0.00444067,0.5,0.0,0.54545455,0.79166667,0.0,0.0,0.0
20240321,weak_drift_chop_proxy,0.00203525,0.5,0.0,0.45454545,0.58333333,0.0,0.0,0.0
20240322,risk_off_deterioration_proxy,-0.02638712,0.0,0.0,0.0,0.08333333,0.0,0.0,0.0
20240325,risk_off_deterioration_proxy,-0.02777801,0.08333333,0.0,0.0,0.08333333,0.0,0.0,0.0
20240326,risk_off_deterioration_proxy,-0.00337125,0.33333333,0.0,0.09090909,0.29166667,0.0,0.0,0.0
20240327,risk_off_deterioration_proxy,-0.04867375,0.0,0.0,0.0,0.0,0.0,0.0,0.0
20240328,sentiment_overdrive_transition_proxy,0.08130624,1.0,0.16666667,1.0,0.95833333,0.0,0.0,0.0
20240329,weak_drift_chop_proxy,0.03405458,0.91666667,0.08333333,0.72727273,0.79166667,0.0,0.0,0.0
20240401,weak_drift_chop_proxy,0.00460906,0.58333333,0.0,0.54545455,0.91666667,0.0,0.0,0.0
20240402,risk_off_deterioration_proxy,-0.01758534,0.16666667,0.0,0.45454545,0.375,0.0,0.0,0.0
20240403,risk_off_deterioration_proxy,-0.02285139,0.08333333,0.0,0.18181818,0.125,0.0,0.0,0.0
20240408,risk_off_deterioration_proxy,-0.03188312,0.08333333,0.0,0.0,0.08333333,0.0,0.0,0.0
20240409,weak_drift_chop_proxy,0.0041887,0.66666667,0.0,0.72727273,0.79166667,0.0,0.0,0.0
20240410,weak_drift_chop_proxy,-0.0141081,0.33333333,0.0,0.09090909,0.04166667,0.0,0.0,0.0
20240411,risk_off_deterioration_proxy,-0.0233992,0.08333333,0.0,0.27272727,0.54166667,0.0,0.0,0.0
20240412,weak_drift_chop_proxy,-0.00495437,0.25,0.0,0.09090909,0.25,0.0,0.0,0.0
20240415,weak_drift_chop_proxy,0.00843804,0.66666667,0.0,0.27272727,0.16666667,0.0,0.0,0.0
20240416,risk_off_deterioration_proxy,-0.05339619,0.08333333,0.0,0.0,0.0,0.0,0.0,0.0
20240417,sentiment_overdrive_transition_proxy,0.05775308,1.0,0.08333333,0.90909091,1.0,0.0,0.0,0.0
20240418,weak_drift_chop_proxy,0.01807615,0.91666667,0.0,0.45454545,0.45833333,0.0,0.0,0.0
20240419,weak_drift_chop_proxy,0.01314475,0.75,0.08333333,0.36363636,0.375,0.0,0.0,0.0
20240422,weak_drift_chop_proxy,-0.00012066,0.66666667,0.0,0.63636364,0.29166667,0.0,0.0,0.0
20240423,weak_drift_chop_proxy,-0.0200351,0.08333333,0.0,0.27272727,0.375,0.0,0.0,0.0
20240424,sentiment_overdrive_transition_proxy,0.04775104,1.0,0.16666667,1.0,0.95833333,0.0,0.0,0.0
20240425,weak_drift_chop_proxy,-0.01392706,0.08333333,0.08333333,0.27272727,0.45833333,0.0,0.0,0.0
20240426,weak_drift_chop_proxy,0.01434115,0.75,0.0,0.81818182,0.95833333,0.0,0.0,0.0
20240429,sentiment_overdrive_transition_proxy,0.01998295,0.75,0.08333333,0.90909091,0.95833333,0.0,0.0,0.0
20240430,risk_off_deterioration_proxy,-0.03020049,0.0,0.0,0.18181818,0.08333333,0.0,0.0,0.0
20240506,weak_drift_chop_proxy,0.00637076,0.5,0.0,0.81818182,0.83333333,0.0,0.0,0.0
20240507,weak_drift_chop_proxy,0.05352691,1.0,0.0,0.90909091,0.91666667,0.0,0.0,0.0
20240508,weak_drift_chop_proxy,-0.01832813,0.25,0.0,0.0,0.16666667,0.0,0.0,0.0
20240509,weak_drift_chop_proxy,0.00948677,0.75,0.0,1.0,0.75,0.0,0.0,0.0
20240510,weak_drift_chop_proxy,-0.01606139,0.16666667,0.0,0.27272727,0.20833333,0.0,0.0,0.0
20240513,risk_off_deterioration_proxy,-0.03106091,0.08333333,0.0,0.36363636,0.08333333,0.0,0.0,0.0
20240514,weak_drift_chop_proxy,-0.00266365,0.33333333,0.0,0.36363636,0.54166667,0.0,0.0,0.0
20240515,weak_drift_chop_proxy,-0.00883323,0.16666667,0.0,0.27272727,0.29166667,0.0,0.0,0.0
20240516,weak_drift_chop_proxy,0.00743287,0.41666667,0.08333333,0.09090909,0.29166667,0.0,0.0,0.0
20240517,sentiment_overdrive_transition_proxy,0.01920851,1.0,0.0,0.90909091,0.91666667,0.0,0.0,0.0
20240520,weak_drift_chop_proxy,0.01817999,1.0,0.0,0.90909091,0.66666667,0.0,0.0,0.0
20240521,risk_off_deterioration_proxy,-0.01853519,0.08333333,0.0,0.18181818,0.08333333,0.0,0.0,0.0
20240522,weak_drift_chop_proxy,0.0047863,0.75,0.0,0.72727273,0.625,0.0,0.0,0.0
20240523,weak_drift_chop_proxy,-0.01798656,0.08333333,0.0,0.0,0.125,0.0,0.0,0.0
20240524,risk_off_deterioration_proxy,-0.04089301,0.0,0.0,0.09090909,0.125,0.0,0.0,0.0
20240527,weak_drift_chop_proxy,0.00440848,0.75,0.0,0.72727273,0.625,0.0,0.0,0.0
20240528,weak_drift_chop_proxy,-0.00355832,0.41666667,0.0,0.63636364,0.45833333,0.0,0.0,0.0
20240529,weak_drift_chop_proxy,0.00444775,0.66666667,0.0,0.36363636,0.41666667,0.0,0.0,0.0
20240530,weak_drift_chop_proxy,0.02056681,0.83333333,0.0,0.72727273,0.625,0.0,0.0,0.0
20240531,sentiment_overdrive_transition_proxy,0.03767954,1.0,0.08333333,1.0,0.83333333,0.0,0.0,0.0
20240603,weak_drift_chop_proxy,-0.01172638,0.16666667,0.0,0.09090909,0.20833333,0.0,0.0,0.0
20240604,weak_drift_chop_proxy,-0.0054509,0.5,0.0,0.54545455,0.20833333,0.0,0.0,0.0
20240605,weak_drift_chop_proxy,-0.00821835,0.25,0.0,0.54545455,0.20833333,0.0,0.0,0.0
20240606,risk_off_deterioration_proxy,-0.04250586,0.0,0.0,0.09090909,0.04166667,0.0,0.0,0.0
20240607,weak_drift_chop_proxy,0.00019362,0.66666667,0.0,0.45454545,0.66666667,0.0,0.0,0.0
20240611,weak_drift_chop_proxy,0.01870937,0.91666667,0.0,0.90909091,0.625,0.0,0.0,0.0
20240612,sentiment_overdrive_transition_proxy,-0.00203293,0.5,0.0,0.45454545,0.75,0.0,0.0,0.0
20240613,weak_drift_chop_proxy,0.00484022,0.33333333,0.0,0.72727273,0.29166667,0.0,0.0,0.0
20240614,weak_drift_chop_proxy,-0.00740363,0.16666667,0.0,0.18181818,0.41666667,0.0,0.0,0.0
20240617,weak_drift_chop_proxy,0.0006308,0.33333333,0.0,0.45454545,0.25,0.0,0.0,0.0
20240618,sentiment_overdrive_transition_proxy,0.01579044,1.0,0.0,0.90909091,1.0,0.0,0.0,0.0
20240619,weak_drift_chop_proxy,-0.00201489,0.16666667,0.0,0.18181818,0.375,0.0,0.0,0.0
20240620,risk_off_deterioration_proxy,-0.03097827,0.0,0.0,0.27272727,0.04166667,0.0,0.0,0.0
20240621,weak_drift_chop_proxy,-0.00499929,0.41666667,0.0,0.27272727,0.25,0.0,0.0,0.0
20240624,risk_off_deterioration_proxy,-0.0366213,0.0,0.0,0.0,0.04166667,0.0,0.0,0.0
20240625,risk_off_deterioration_proxy,-0.01458403,0.16666667,0.0,0.18181818,0.45833333,0.0,0.0,0.0
20240626,sentiment_overdrive_transition_proxy,0.0328501,1.0,0.0,1.0,0.95833333,0.0,0.0,0.0
20240627,risk_off_deterioration_proxy,-0.02160108,0.0,0.0,0.09090909,0.08333333,0.0,0.0,0.0
20240628,sentiment_overdrive_transition_proxy,0.01995003,1.0,0.0,0.81818182,0.79166667,0.0,0.0,0.0
20240701,weak_drift_chop_proxy,-0.00470672,0.41666667,0.0,0.36363636,0.58333333,0.0,0.0,0.0
20240702,weak_drift_chop_proxy,-0.00994148,0.08333333,0.0,0.27272727,0.45833333,0.0,0.0,0.0
20240703,risk_off_deterioration_proxy,-0.01925373,0.0,0.0,0.0,0.125,0.0,0.0,0.0
20240704,risk_off_deterioration_proxy,-0.02355597,0.0,0.0,0.0,0.08333333,0.0,0.0,0.0
20240705,sentiment_overdrive_transition_proxy,0.00509979,0.58333333,0.0,0.54545455,0.75,0.0,0.0,0.0
20240708,risk_off_deterioration_proxy,-0.03855512,0.0,0.0,0.0,0.04166667,0.0,0.0,0.0
20240709,sentiment_overdrive_transition_proxy,0.01947867,0.83333333,0.0,0.90909091,0.75,0.0,0.0,0.0
20240710,weak_drift_chop_proxy,-0.00028048,0.41666667,0.0,0.54545455,0.125,0.0,0.0,0.0
20240711,sentiment_overdrive_transition_proxy,0.02240466,1.0,0.0,1.0,0.95833333,0.0,0.0,0.0
20240712,weak_drift_chop_proxy,-0.00733714,0.25,0.0,0.27272727,0.125,0.0,0.0,0.0
20240715,weak_drift_chop_proxy,-0.00259051,0.41666667,0.0,0.0,0.04166667,0.0,0.0,0.0
20240716,weak_drift_chop_proxy,0.00863225,0.58333333,0.0,0.45454545,0.375,0.0,0.0,0.0
20240717,weak_drift_chop_proxy,-0.01839887,0.16666667,0.0,0.09090909,0.20833333,0.0,0.0,0.0
20240718,weak_drift_chop_proxy,0.00074706,0.5,0.0,0.72727273,0.375,0.0,0.0,0.0
20240719,sentiment_overdrive_transition_proxy,0.01267309,0.83333333,0.0,0.81818182,0.83333333,0.0,0.0,0.0
20240722,sentiment_overdrive_transition_proxy,0.01780408,1.0,0.0,0.90909091,0.83333333,0.0,0.0,0.0
20240723,risk_off_deterioration_proxy,-0.03041392,0.0,0.0,0.0,0.16666667,0.0,0.0,0.0
20240724,weak_drift_chop_proxy,-0.00383564,0.5,0.0,0.45454545,0.5,0.0,0.0,0.0
20240725,weak_drift_chop_proxy,0.00517481,0.66666667,0.0,0.72727273,0.70833333,0.0,0.0,0.0
20240726,sentiment_overdrive_transition_proxy,0.04604794,1.0,0.0,1.0,1.0,0.0,0.0,0.0
20240729,weak_drift_chop_proxy,0.01370577,0.75,0.08333333,0.63636364,0.66666667,0.0,0.0,0.0
20240730,sentiment_overdrive_transition_proxy,0.03360041,0.91666667,0.08333333,0.36363636,0.79166667,0.0,0.0,0.0
20240731,sentiment_overdrive_transition_proxy,0.01984996,0.91666667,0.0,1.0,0.75,0.0,0.0,0.0
20240801,weak_drift_chop_proxy,0.02828778,0.83333333,0.0,0.54545455,0.66666667,0.0,0.0,0.0
20240802,weak_drift_chop_proxy,-0.00200146,0.33333333,0.08333333,0.09090909,0.125,0.0,0.0,0.0
20240805,risk_off_deterioration_proxy,-0.05323465,0.0,0.0,0.0,0.125,0.0,0.0,0.0
20240806,sentiment_overdrive_transition_proxy,0.01892406,0.91666667,0.0,1.0,0.91666667,0.0,0.0,0.0
20240807,sentiment_overdrive_transition_proxy,0.03661475,0.91666667,0.08333333,0.63636364,0.91666667,0.0,0.0,0.0
20240808,risk_off_deterioration_proxy,-0.05456159,0.0,0.0,0.09090909,0.125,0.0,0.0,0.0
20240809,risk_off_deterioration_proxy,-0.01330762,0.08333333,0.0,0.09090909,0.29166667,0.0,0.0,0.0
20240812,risk_off_deterioration_proxy,-0.0263657,0.0,0.0,0.18181818,0.16666667,0.0,0.0,0.0
20240813,weak_drift_chop_proxy,0.00761321,0.91666667,0.0,0.90909091,0.70833333,0.0,0.0,0.0
20240814,weak_drift_chop_proxy,-0.01587769,0.08333333,0.0,0.0,0.33333333,0.0,0.0,0.0
20240815,sentiment_overdrive_transition_proxy,0.00031215,0.66666667,0.0,0.45454545,0.75,0.0,0.0,0.0
20240816,risk_off_deterioration_proxy,-0.01596829,0.08333333,0.0,0.0,0.16666667,0.0,0.0,0.0
20240819,weak_drift_chop_proxy,-0.00162463,0.33333333,0.0,0.09090909,0.16666667,0.0,0.0,0.0
20240820,risk_off_deterioration_proxy,-0.01404166,0.16666667,0.0,0.0,0.08333333,0.0,0.0,0.0
20240821,risk_off_deterioration_proxy,-0.01538025,0.08333333,0.0,0.18181818,0.16666667,0.0,0.0,0.0
20240822,weak_drift_chop_proxy,-0.00076987,0.33333333,0.0,0.27272727,0.41666667,0.0,0.0,0.0
20240823,weak_drift_chop_proxy,-0.00688401,0.33333333,0.0,0.18181818,0.25,0.0,0.0,0.0
20240826,weak_drift_chop_proxy,0.00772317,0.41666667,0.08333333,0.45454545,0.625,0.0,0.0,0.0
20240827,risk_off_deterioration_proxy,-0.02849537,0.0,0.0,0.09090909,0.04166667,0.0,0.0,0.0
20240828,weak_drift_chop_proxy,-0.00272407,0.5,0.0,0.72727273,0.5,0.0,0.0,0.0
20240829,sentiment_overdrive_transition_proxy,0.02601835,0.91666667,0.08333333,0.90909091,0.95833333,0.0,0.0,0.0
20240830,sentiment_overdrive_transition_proxy,0.02390413,1.0,0.0,0.90909091,0.91666667,0.0,0.0,0.0
20240902,risk_off_deterioration_proxy,-0.03258149,0.0,0.0,0.09090909,0.16666667,0.0,0.0,0.0
20240903,sentiment_overdrive_transition_proxy,0.01417793,1.0,0.0,0.90909091,0.79166667,0.0,0.0,0.0
20240904,weak_drift_chop_proxy,-0.00608388,0.33333333,0.0,0.36363636,0.16666667,0.0,0.0,0.0
20240905,sentiment_overdrive_transition_proxy,0.01136408,1.0,0.0,0.81818182,0.83333333,0.0,0.0,0.0
20240906,risk_off_deterioration_proxy,-0.02280268,0.08333333,0.0,0.0,0.08333333,0.0,0.0,0.0
20240909,weak_drift_chop_proxy,-0.00678878,0.25,0.0,0.27272727,0.375,0.0,0.0,0.0
20240910,sentiment_overdrive_transition_proxy,0.01300105,0.91666667,0.0,0.81818182,0.91666667,0.0,0.0,0.0
20240911,weak_drift_chop_proxy,-0.0065188,0.16666667,0.0,0.45454545,0.16666667,0.0,0.0,0.0
20240912,weak_drift_chop_proxy,-0.00663565,0.33333333,0.0,0.18181818,0.5,0.0,0.0,0.0
20240913,risk_off_deterioration_proxy,-0.01887641,0.0,0.0,0.18181818,0.125,0.0,0.0,0.0
20240918,weak_drift_chop_proxy,0.00079299,0.33333333,0.0,0.36363636,0.16666667,0.0,0.0,0.0
20240919,sentiment_overdrive_transition_proxy,0.02182722,1.0,0.0,0.81818182,0.875,0.0,0.0,0.0
20240920,weak_drift_chop_proxy,-0.00791287,0.16666667,0.0,0.27272727,0.20833333,0.0,0.0,0.0
20240923,weak_drift_chop_proxy,0.00490241,0.75,0.0,0.36363636,0.625,0.0,0.0,0.0
20240924,sentiment_overdrive_transition_proxy,0.03318948,1.0,0.08333333,1.0,0.95833333,0.0,0.0,0.0
20240925,sentiment_overdrive_transition_proxy,0.0101956,0.75,0.0,0.72727273,0.875,0.0,0.0,0.0
20240926,sentiment_overdrive_transition_proxy,0.03181613,1.0,0.0,1.0,0.95833333,0.0,0.0,0.0
20240927,sentiment_overdrive_transition_proxy,0.05606317,1.0,0.08333333,1.0,1.0,0.0,0.0,0.0
20240930,sentiment_overdrive_transition_proxy,0.11351602,1.0,0.83333333,1.0,1.0,0.0,0.0,0.0
20241008,sentiment_overdrive_transition_proxy,0.1163234,1.0,0.58333333,1.0,1.0,0.0,0.0,0.0
20241009,risk_off_deterioration_proxy,-0.08874898,0.0,0.0,0.0,0.0,0.0,0.0,0.0
20241010,weak_drift_chop_proxy,0.0002691,0.58333333,0.0,0.18181818,0.58333333,0.0,0.0,0.0
20241011,risk_off_deterioration_proxy,-0.06353089,0.0,0.0,0.0,0.0,0.0,0.0,0.0
20241014,sentiment_overdrive_transition_proxy,0.05689917,1.0,0.16666667,1.0,1.0,0.0,0.0,0.0
20241015,weak_drift_chop_proxy,0.01028847,0.25,0.08333333,0.09090909,0.08333333,0.0,0.0,0.0
20241016,risk_off_deterioration_proxy,-0.01932638,0.0,0.0,0.36363636,0.25,0.0,0.0,0.0
20241017,weak_drift_chop_proxy,0.01070681,0.83333333,0.0,0.72727273,0.5,0.0,0.0,0.0
20241018,sentiment_overdrive_transition_proxy,0.04287614,1.0,0.0,1.0,1.0,0.0,0.0,0.0
20241021,weak_drift_chop_proxy,0.08662208,1.0,0.33333333,1.0,0.91666667,0.0,0.0,0.0
20241022,risk_off_deterioration_proxy,-0.01993793,0.16666667,0.0,0.36363636,0.625,0.0,0.0,0.0
20241023,weak_drift_chop_proxy,0.01290556,0.66666667,0.0,0.81818182,0.79166667,0.0,0.0,0.0
20241024,risk_off_deterioration_proxy,-0.0244298,0.08333333,0.0,0.27272727,0.20833333,0.0,0.0,0.0
20241025,weak_drift_chop_proxy,0.0090594,0.5,0.0,0.72727273,0.83333333,0.0,0.0,0.0
20241028,weak_drift_chop_proxy,0.01030502,0.83333333,0.0,0.54545455,0.83333333,0.0,0.0,0.0
20241029,weak_drift_chop_proxy,-0.00974609,0.33333333,0.0,0.18181818,0.33333333,0.0,0.0,0.0
20241030,weak_drift_chop_proxy,-0.00165451,0.33333333,0.08333333,0.36363636,0.5,0.0,0.0,0.0
20241031,weak_drift_chop_proxy,0.01715819,0.75,0.08333333,0.72727273,0.83333333,0.0,0.0,0.0
20241101,risk_off_deterioration_proxy,-0.0460533,0.08333333,0.08333333,0.1,0.08333333,0.0,0.0,0.0
20241104,sentiment_overdrive_transition_proxy,0.03582487,0.91666667,0.08333333,1.0,0.91666667,0.0,0.0,0.0
20241105,sentiment_overdrive_transition_proxy,0.06941213,1.0,0.08333333,1.0,0.95833333,0.0,0.0,0.0
20241106,weak_drift_chop_proxy,0.02357532,0.75,0.08333333,0.5,0.75,0.0,0.0,0.0
20241107,weak_drift_chop_proxy,0.00326234,0.5,0.08333333,0.6,0.54166667,0.0,0.0,0.0
20241108,weak_drift_chop_proxy,0.06059545,1.0,0.16666667,0.8,0.66666667,0.0,0.0,0.0
20241111,weak_drift_chop_proxy,0.05785147,0.91666667,0.16666667,1.0,0.83333333,0.0,0.0,0.0
20241112,risk_off_deterioration_proxy,-0.03440254,0.08333333,0.0,0.2,0.0,0.0,0.0,0.0
20241113,weak_drift_chop_proxy,-0.00094933,0.25,0.08333333,0.4,0.58333333,0.0,0.0,0.0
20241114,risk_off_deterioration_proxy,-0.05444816,0.0,0.0,0.0,0.08333333,0.0,0.0,0.0
20241115,risk_off_deterioration_proxy,-0.03658331,0.08333333,0.0,0.0,0.125,0.0,0.0,0.0
20241118,weak_drift_chop_proxy,-0.02634357,0.16666667,0.0,0.18181818,0.125,0.0,0.0,0.0
20241119,weak_drift_chop_proxy,0.02637586,1.0,0.0,0.90909091,0.91666667,0.0,0.0,0.0
20241120,weak_drift_chop_proxy,0.01617659,1.0,0.0,0.81818182,0.875,0.0,0.0,0.0
20241121,weak_drift_chop_proxy,0.00576031,0.58333333,0.0,0.36363636,0.58333333,0.0,0.0,0.0
20241122,risk_off_deterioration_proxy,-0.05584657,0.0,0.0,0.0,0.04166667,0.0,0.0,0.0
20241125,weak_drift_chop_proxy,-0.01394139,0.25,0.0,0.63636364,0.66666667,0.0,0.0,0.0
20241126,weak_drift_chop_proxy,-0.01033938,0.41666667,0.0,0.18181818,0.16666667,0.0,0.0,0.0
20241127,sentiment_overdrive_transition_proxy,0.06409629,1.0,0.16666667,1.0,0.875,0.0,0.0,0.0
20241128,weak_drift_chop_proxy,-0.00800862,0.16666667,0.0,0.36363636,0.54166667,0.0,0.0,0.0
20241129,weak_drift_chop_proxy,0.0190657,0.91666667,0.0,0.81818182,0.83333333,0.0,0.0,0.0
20241202,weak_drift_chop_proxy,0.01289778,0.75,0.0,1.0,0.95833333,0.0,0.0,0.0
20241203,weak_drift_chop_proxy,-0.01310536,0.16666667,0.0,0.09090909,0.375,0.0,0.0,0.0
20241204,risk_off_deterioration_proxy,-0.02408436,0.0,0.0,0.0,0.16666667,0.0,0.0,0.0
20241205,weak_drift_chop_proxy,0.01371588,1.0,0.0,0.81818182,0.875,0.0,0.0,0.0
20241206,weak_drift_chop_proxy,6.643e-05,0.41666667,0.0,0.54545455,0.41666667,0.0,0.0,0.0
20241209,risk_off_deterioration_proxy,-0.01815432,0.0,0.0,0.09090909,0.125,0.0,0.0,0.0
20241210,weak_drift_chop_proxy,0.03707689,1.0,0.08333333,1.0,0.625,0.0,0.0,0.0
20241211,weak_drift_chop_proxy,0.00335147,0.66666667,0.0,1.0,0.75,0.0,0.0,0.0
20241212,weak_drift_chop_proxy,0.00371007,0.66666667,0.0,0.81818182,0.58333333,0.0,0.0,0.0
20241213,risk_off_deterioration_proxy,-0.02564265,0.08333333,0.0,0.0,0.0,0.0,0.0,0.0
20241216,weak_drift_chop_proxy,-0.01758382,0.16666667,0.0,0.0,0.125,0.0,0.0,0.0
20241217,risk_off_deterioration_proxy,-0.03886147,0.08333333,0.0,0.09090909,0.0,0.0,0.0,0.0
20241218,weak_drift_chop_proxy,0.0082807,0.75,0.0,0.63636364,0.54166667,0.0,0.0,0.0
20241219,weak_drift_chop_proxy,0.00478237,0.75,0.0,0.63636364,0.41666667,0.0,0.0,0.0
20241220,sentiment_overdrive_transition_proxy,0.01164663,0.83333333,0.0,0.90909091,0.875,0.0,0.0,0.0
20241223,risk_off_deterioration_proxy,-0.03550266,0.0,0.0,0.0,0.04166667,0.0,0.0,0.0
20241224,sentiment_overdrive_transition_proxy,0.00541685,0.75,0.0,0.72727273,0.79166667,0.0,0.0,0.0
20241225,weak_drift_chop_proxy,-0.00897632,0.08333333,0.08333333,0.09090909,0.125,0.0,0.0,0.0
20241226,weak_drift_chop_proxy,0.01142452,1.0,0.0,0.90909091,0.75,0.0,0.0,0.0
20241227,sentiment_overdrive_transition_proxy,0.00525403,0.66666667,0.0,0.81818182,0.83333333,0.0,0.0,0.0
20241230,weak_drift_chop_proxy,-0.00394774,0.5,0.0,0.27272727,0.25,0.0,0.0,0.0
20241231,risk_off_deterioration_proxy,-0.03747594,0.0,0.0,0.0,0.08333333,0.0,0.0,0.0
20250102,risk_off_deterioration_proxy,-0.03951563,0.0,0.0,0.0,0.04166667,0.0,0.0,0.0
20250103,risk_off_deterioration_proxy,-0.03914,0.0,0.0,0.0,0.08333333,0.0,0.0,0.0
20250106,weak_drift_chop_proxy,-0.01136787,0.16666667,0.0,0.27272727,0.29166667,0.0,0.0,0.0
20250107,sentiment_overdrive_transition_proxy,0.01722492,1.0,0.0,0.90909091,0.95833333,0.0,0.0,0.0
20250108,weak_drift_chop_proxy,-0.01181761,0.16666667,0.0,0.18181818,0.33333333,0.0,0.0,0.0
20250109,weak_drift_chop_proxy,0.01786243,1.0,0.0,0.81818182,0.70833333,0.0,0.0,0.0
20250110,risk_off_deterioration_proxy,-0.02724405,0.0,0.0,0.36363636,0.08333333,0.0,0.0,0.0
20250113,weak_drift_chop_proxy,0.0073241,0.75,0.0,0.54545455,0.58333333,0.0,0.0,0.0
20250114,sentiment_overdrive_transition_proxy,0.04579233,1.0,0.08333333,1.0,1.0,0.0,0.0,0.0
20250115,weak_drift_chop_proxy,-0.01817335,0.16666667,0.0,0.18181818,0.16666667,0.0,0.0,0.0
20250116,sentiment_overdrive_transition_proxy,0.0006085,0.41666667,0.0,0.54545455,0.75,0.0,0.0,0.0
20250117,weak_drift_chop_proxy,0.00800943,0.75,0.0,0.81818182,0.41666667,0.0,0.0,0.0
20250120,sentiment_overdrive_transition_proxy,0.00864416,0.75,0.0,0.36363636,0.79166667,0.0,0.0,0.0
20250121,weak_drift_chop_proxy,0.00047224,0.33333333,0.0,0.27272727,0.20833333,0.0,0.0,0.0
20250122,weak_drift_chop_proxy,-0.01666279,0.0,0.0,0.18181818,0.20833333,0.0,0.0,0.0
20250123,weak_drift_chop_proxy,-0.0045618,0.33333333,0.0,0.45454545,0.29166667,0.0,0.0,0.0
20250124,weak_drift_chop_proxy,0.01297518,0.91666667,0.0,0.72727273,0.65217391,0.0,0.0,0.0
20250127,risk_off_deterioration_proxy,-0.02244587,0.0,0.0,0.0,0.17391304,0.0,0.0,0.0
20250205,weak_drift_chop_proxy,0.03390545,0.91666667,0.0,0.63636364,0.73913043,0.0,0.0,0.0
20250206,sentiment_overdrive_transition_proxy,0.04208819,1.0,0.08333333,1.0,1.0,0.0,0.0,0.0
20250207,sentiment_overdrive_transition_proxy,0.00735481,0.58333333,0.0,0.81818182,0.7826087,0.0,0.0,0.0
20250210,sentiment_overdrive_transition_proxy,0.0209468,0.83333333,0.0,0.54545455,0.7826087,0.0,0.0,0.0
20250211,weak_drift_chop_proxy,-0.00177585,0.5,0.0,0.09090909,0.17391304,0.0,0.0,0.0
20250212,weak_drift_chop_proxy,0.01135986,0.75,0.0,0.90909091,0.73913043,0.0,0.0,0.0
20250213,risk_off_deterioration_proxy,-0.02008071,0.0,0.0,0.09090909,0.0,0.0,0.0,0.0
20250214,weak_drift_chop_proxy,0.01285317,0.66666667,0.0,0.63636364,0.43478261,0.0,0.0,0.0
20250217,sentiment_overdrive_transition_proxy,-0.00366685,0.33333333,0.0,0.54545455,0.79166667,0.0,0.0,0.0
20250218,risk_off_deterioration_proxy,-0.03533779,0.0,0.0,0.09090909,0.08333333,0.0,0.0,0.0
20250219,sentiment_overdrive_transition_proxy,0.02329404,1.0,0.0,1.0,1.0,0.0,0.0,0.0
20250220,weak_drift_chop_proxy,0.02097412,0.91666667,0.0,0.72727273,0.75,0.0,0.0,0.0
20250221,weak_drift_chop_proxy,0.01031489,0.83333333,0.0,0.81818182,0.625,0.0,0.0,0.0
20250224,weak_drift_chop_proxy,0.01555638,0.66666667,0.08333333,0.54545455,0.70833333,0.0,0.0,0.0
20250225,weak_drift_chop_proxy,-0.00357124,0.25,0.0,0.36363636,0.45833333,0.0,0.0,0.0
20250226,sentiment_overdrive_transition_proxy,0.00047769,0.75,0.0,0.54545455,0.875,0.0,0.0,0.0
20250227,risk_off_deterioration_proxy,-0.01691677,0.16666667,0.0,0.27272727,0.16666667,0.0,0.0,0.0
20250228,risk_off_deterioration_proxy,-0.04809252,0.0,0.0,0.0,0.08333333,0.0,0.0,0.0
20250303,weak_drift_chop_proxy,0.00772895,0.75,0.0,0.81818182,0.29166667,0.0,0.0,0.0
20250304,sentiment_overdrive_transition_proxy,0.02820245,1.0,0.0,0.90909091,0.91666667,0.0,0.0,0.0
20250305,weak_drift_chop_proxy,0.02135706,0.91666667,0.0,0.63636364,0.70833333,0.0,0.0,0.0
20250306,sentiment_overdrive_transition_proxy,0.01394265,1.0,0.0,0.81818182,0.83333333,0.0,0.0,0.0
20250307,risk_off_deterioration_proxy,-0.00571085,0.33333333,0.0,0.72727273,0.33333333,0.0,0.0,0.0
20250310,weak_drift_chop_proxy,0.00056667,0.41666667,0.0,0.54545455,0.58333333,0.0,0.0,0.0
20250311,sentiment_overdrive_transition_proxy,0.02346098,1.0,0.0,0.90909091,0.875,0.0,0.0,0.0
20250312,risk_off_deterioration_proxy,-0.01161468,0.08333333,0.0,0.27272727,0.58333333,0.0,0.0,0.0
20250313,risk_off_deterioration_proxy,-0.01233416,0.16666667,0.0,0.27272727,0.29166667,0.0,0.0,0.0
20250314,weak_drift_chop_proxy,0.01009689,0.83333333,0.0,0.36363636,0.625,0.0,0.0,0.0
20250317,weak_drift_chop_proxy,0.00285014,0.33333333,0.0,0.63636364,0.41666667,0.0,0.0,0.0
20250318,risk_off_deterioration_proxy,-0.00730935,0.08333333,0.0,0.27272727,0.45833333,0.0,0.0,0.0
20250319,risk_off_deterioration_proxy,-0.01123478,0.08333333,0.0,0.18181818,0.33333333,0.0,0.0,0.0
20250320,weak_drift_chop_proxy,0.00774582,0.83333333,0.0,0.90909091,0.66666667,0.0,0.0,0.0
20250321,weak_drift_chop_proxy,-0.0093011,0.25,0.0,0.36363636,0.5,0.0,0.0,0.0
20250324,risk_off_deterioration_proxy,-0.0352047,0.0,0.0,0.09090909,0.16666667,0.0,0.0,0.0
20250325,weak_drift_chop_proxy,-0.00721181,0.25,0.0,0.54545455,0.54166667,0.0,0.0,0.0
20250326,weak_drift_chop_proxy,-0.00489902,0.25,0.0,0.27272727,0.625,0.0,0.0,0.0
20250327,weak_drift_chop_proxy,-0.00829842,0.25,0.0,0.18181818,0.125,0.0,0.0,0.0
20250328,risk_off_deterioration_proxy,-0.01452324,0.0,0.0,0.18181818,0.125,0.0,0.0,0.0
20250331,weak_drift_chop_proxy,-0.00680042,0.25,0.0,0.18181818,0.08333333,0.0,0.0,0.0
20250401,sentiment_overdrive_transition_proxy,0.01292773,0.83333333,0.0,0.90909091,0.75,0.0,0.0,0.0
20250402,weak_drift_chop_proxy,-0.00507034,0.25,0.0,0.54545455,0.25,0.0,0.0,0.0
20250403,weak_drift_chop_proxy,-0.00883194,0.16666667,0.0,0.09090909,0.08333333,0.0,0.0,0.0
20250407,risk_off_deterioration_proxy,-0.12819983,0.0,0.0,0.09090909,0.0,0.0,0.0,0.0
20250408,weak_drift_chop_proxy,0.02460691,0.83333333,0.0,0.90909091,0.375,0.0,0.0,0.0
20250409,sentiment_overdrive_transition_proxy,0.05336485,1.0,0.08333333,1.0,0.95833333,0.0,0.0,0.0
20250410,sentiment_overdrive_transition_proxy,0.00441095,0.5,0.0,0.81818182,0.75,0.0,0.0,0.0
20250411,sentiment_overdrive_transition_proxy,0.02040269,0.83333333,0.0,0.72727273,0.75,0.0,0.0,0.0
20250414,sentiment_overdrive_transition_proxy,-0.00231699,0.33333333,0.0,0.63636364,0.875,0.0,0.0,0.0
20250415,risk_off_deterioration_proxy,-0.01187168,0.16666667,0.0,0.18181818,0.375,0.0,0.0,0.0
20250416,risk_off_deterioration_proxy,-0.01271121,0.0,0.0,0.0,0.0,0.0,0.0,0.0
20250417,weak_drift_chop_proxy,0.00278478,0.33333333,0.0,0.54545455,0.5,0.0,0.0,0.0
20250418,sentiment_overdrive_transition_proxy,0.00055754,0.5,0.0,0.54545455,0.66666667,0.0,0.0,0.0
20250421,sentiment_overdrive_transition_proxy,0.02244786,1.0,0.0,1.0,1.0,0.0,0.0,0.0
20250422,weak_drift_chop_proxy,-0.00668743,0.08333333,0.0,0.27272727,0.5,0.0,0.0,0.0
20250423,sentiment_overdrive_transition_proxy,0.01231136,0.66666667,0.08333333,0.45454545,0.69565217,0.0,0.0,0.0
20250424,risk_off_deterioration_proxy,-0.01690685,0.08333333,0.0,0.18181818,0.33333333,0.0,0.0,0.0
20250425,weak_drift_chop_proxy,0.00049622,0.33333333,0.0,0.63636364,0.41666667,0.0,0.0,0.0
20250428,risk_off_deterioration_proxy,-0.01986183,0.08333333,0.0,0.36363636,0.25,0.0,0.0,0.0
20250429,weak_drift_chop_proxy,0.00320635,0.58333333,0.0,0.81818182,0.625,0.0,0.0,0.0
20250430,sentiment_overdrive_transition_proxy,0.01321821,0.75,0.0,0.54545455,0.70833333,0.0,0.0,0.0
20250506,sentiment_overdrive_transition_proxy,0.02453914,1.0,0.0,0.90909091,1.0,0.0,0.0,0.0
20250507,sentiment_overdrive_transition_proxy,0.03035044,1.0,0.0,0.81818182,0.75,0.0,0.0,0.0
20250508,sentiment_overdrive_transition_proxy,0.02212744,0.83333333,0.0,0.90909091,0.875,0.0,0.0,0.0
20250509,weak_drift_chop_proxy,-0.01156913,0.25,0.0,0.18181818,0.125,0.0,0.0,0.0
20250512,sentiment_overdrive_transition_proxy,0.0332021,1.0,0.0,1.0,1.0,0.0,0.0,0.0
20250513,risk_off_deterioration_proxy,-0.02088746,0.08333333,0.0,0.0,0.25,0.0,0.0,0.0
20250514,risk_off_deterioration_proxy,-0.01406039,0.0,0.0,0.18181818,0.16666667,0.0,0.0,0.0
20250515,risk_off_deterioration_proxy,-0.01689907,0.0,0.0,0.09090909,0.125,0.0,0.0,0.0
20250516,weak_drift_chop_proxy,-0.00433406,0.16666667,0.0,0.09090909,0.66666667,0.0,0.0,0.0
20250519,sentiment_overdrive_transition_proxy,0.01775829,0.91666667,0.08333333,0.72727273,0.79166667,0.0,0.0,0.0
20250520,weak_drift_chop_proxy,0.00194414,0.41666667,0.0,0.54545455,0.41666667,0.0,0.0,0.0
20250521,weak_drift_chop_proxy,-0.00305938,0.25,0.0,0.18181818,0.16666667,0.0,0.0,0.0
20250522,risk_off_deterioration_proxy,-0.01329548,0.0,0.0,0.0,0.20833333,0.0,0.0,0.0
20250523,risk_off_deterioration_proxy,-0.01760511,0.08333333,0.0,0.27272727,0.125,0.0,0.0,0.0
20250526,sentiment_overdrive_transition_proxy,0.01595019,0.91666667,0.0,0.90909091,0.83333333,0.0,0.0,0.0
20250527,weak_drift_chop_proxy,0.00222614,0.5,0.0,0.27272727,0.66666667,0.0,0.0,0.0
20250528,risk_off_deterioration_proxy,-0.0163528,0.0,0.0,0.36363636,0.45833333,0.0,0.0,0.0
20250529,sentiment_overdrive_transition_proxy,0.02586758,1.0,0.0,0.90909091,0.91666667,0.0,0.0,0.0
20250530,weak_drift_chop_proxy,0.01162612,0.75,0.16666667,0.63636364,0.25,0.0,0.0,0.0
20250603,sentiment_overdrive_transition_proxy,0.01492918,0.83333333,0.08333333,0.72727273,0.75,0.0,0.0,0.0
20250604,weak_drift_chop_proxy,-0.00713017,0.25,0.0,0.72727273,0.54166667,0.0,0.0,0.0
20250605,weak_drift_chop_proxy,0.01093611,0.83333333,0.0,0.81818182,0.41666667,0.0,0.0,0.0
20250606,weak_drift_chop_proxy,-0.00550328,0.16666667,0.0,0.18181818,0.41666667,0.0,0.0,0.0
20250609,sentiment_overdrive_transition_proxy,0.00567082,0.91666667,0.0,0.72727273,0.79166667,0.0,0.0,0.0
20250610,weak_drift_chop_proxy,-0.00775196,0.25,0.0,0.09090909,0.08333333,0.0,0.0,0.0
20250611,weak_drift_chop_proxy,-0.00678075,0.33333333,0.0,0.63636364,0.45833333,0.0,0.0,0.0
20250612,weak_drift_chop_proxy,-0.0089822,0.16666667,0.0,0.27272727,0.20833333,0.0,0.0,0.0
20250613,weak_drift_chop_proxy,0.01287687,0.75,0.0,0.45454545,0.45833333,0.0,0.0,0.0
20250616,weak_drift_chop_proxy,-0.000328,0.58333333,0.0,0.72727273,0.58333333,0.0,0.0,0.0
20250617,weak_drift_chop_proxy,0.00548551,0.58333333,0.0,0.36363636,0.5,0.0,0.0,0.0
20250618,weak_drift_chop_proxy,-0.00129581,0.5,0.0,0.54545455,0.5,0.0,0.0,0.0
20250619,weak_drift_chop_proxy,-0.01486895,0.25,0.0,0.0,0.04166667,0.0,0.0,0.0
20250620,weak_drift_chop_proxy,-0.00949864,0.08333333,0.0,0.09090909,0.29166667,0.0,0.0,0.0
20250623,sentiment_overdrive_transition_proxy,0.02197641,1.0,0.0,1.0,0.91304348,0.0,0.0,0.0
20250624,sentiment_overdrive_transition_proxy,0.00436182,0.66666667,0.0,1.0,0.82608696,0.0,0.0,0.0
20250625,sentiment_overdrive_transition_proxy,0.02625467,0.91666667,0.08333333,1.0,0.91304348,0.0,0.0,0.0
20250626,weak_drift_chop_proxy,0.00414058,0.66666667,0.0,0.45454545,0.56521739,0.0,0.0,0.0
20250627,weak_drift_chop_proxy,0.00636092,0.58333333,0.0,0.72727273,0.60869565,0.0,0.0,0.0
20250630,sentiment_overdrive_transition_proxy,0.03433543,1.0,0.08333333,0.90909091,1.0,0.0,0.0,0.0
20250701,risk_off_deterioration_proxy,-0.01356141,0.08333333,0.0,0.36363636,0.47826087,0.0,0.0,0.0
20250702,risk_off_deterioration_proxy,-0.01389023,0.16666667,0.0,0.36363636,0.43478261,0.0,0.0,0.0
20250703,weak_drift_chop_proxy,0.01016988,0.75,0.0,0.63636364,0.60869565,0.0,0.0,0.0
20250704,risk_off_deterioration_proxy,-0.01614587,0.08333333,0.0,0.09090909,0.2173913,0.0,0.0,0.0
20250707,weak_drift_chop_proxy,0.00347913,0.5,0.0,0.72727273,0.625,0.0,0.0,0.0
20250708,weak_drift_chop_proxy,0.01075185,0.91666667,0.0,0.90909091,0.70833333,0.0,0.0,0.0
20250709,risk_off_deterioration_proxy,-0.01186944,0.0,0.0,0.27272727,0.33333333,0.0,0.0,0.0
20250710,weak_drift_chop_proxy,-0.001052,0.41666667,0.0,0.36363636,0.20833333,0.0,0.0,0.0
20250711,weak_drift_chop_proxy,0.00559795,0.66666667,0.0,0.63636364,0.58333333,0.0,0.0,0.0
20250714,weak_drift_chop_proxy,-0.00473553,0.25,0.0,0.45454545,0.5,0.0,0.0,0.0
20250715,weak_drift_chop_proxy,-0.00759539,0.16666667,0.0,0.36363636,0.29166667,0.0,0.0,0.0
20250716,weak_drift_chop_proxy,0.00357535,0.58333333,0.0,0.54545455,0.45833333,0.0,0.0,0.0
20250717,sentiment_overdrive_transition_proxy,0.01857627,1.0,0.0,0.90909091,0.83333333,0.0,0.0,0.0
20250718,weak_drift_chop_proxy,0.00122275,0.58333333,0.0,0.45454545,0.54166667,0.0,0.0,0.0
20250721,sentiment_overdrive_transition_proxy,0.00390586,0.66666667,0.0,0.63636364,0.83333333,0.0,0.0,0.0
20250722,weak_drift_chop_proxy,-0.00373152,0.33333333,0.0,0.27272727,0.54166667,0.0,0.0,0.0
20250723,risk_off_deterioration_proxy,-0.00866732,0.25,0.0,0.36363636,0.125,0.0,0.0,0.0
20250724,sentiment_overdrive_transition_proxy,0.01452002,0.91666667,0.0,0.90909091,0.875,0.0,0.0,0.0
20250725,weak_drift_chop_proxy,0.00094706,0.5,0.0,0.54545455,0.375,0.0,0.0,0.0
20250728,sentiment_overdrive_transition_proxy,0.01723533,0.91666667,0.0,0.72727273,0.83333333,0.0,0.0,0.0
20250729,weak_drift_chop_proxy,0.01332275,1.0,0.0,0.72727273,0.5,0.0,0.0,0.0
20250730,risk_off_deterioration_proxy,-0.00812848,0.25,0.0,0.36363636,0.375,0.0,0.0,0.0
20250731,risk_off_deterioration_proxy,-0.00868472,0.16666667,0.0,0.45454545,0.33333333,0.0,0.0,0.0
20250801,weak_drift_chop_proxy,-0.00726534,0.25,0.0,0.27272727,0.5,0.0,0.0,0.0
20250804,sentiment_overdrive_transition_proxy,0.04213412,1.0,0.08333333,0.90909091,0.83333333,0.0,0.0,0.0
20250805,sentiment_overdrive_transition_proxy,0.01578729,0.75,0.0,0.72727273,0.83333333,0.0,0.0,0.0
20250806,weak_drift_chop_proxy,0.00772652,0.83333333,0.0,0.81818182,0.79166667,0.0,0.0,0.0
20250807,weak_drift_chop_proxy,-0.00134452,0.33333333,0.0,0.45454545,0.33333333,0.0,0.0,0.0
20250808,weak_drift_chop_proxy,0.00948772,0.66666667,0.0,0.45454545,0.75,0.0,0.0,0.0
20250811,weak_drift_chop_proxy,0.01138522,0.75,0.0,0.81818182,0.66666667,0.0,0.0,0.0
20250812,risk_off_deterioration_proxy,-0.02263265,0.0,0.0,0.45454545,0.29166667,0.0,0.0,0.0
20250813,sentiment_overdrive_transition_proxy,0.00535042,0.75,0.0,0.63636364,0.83333333,0.0,0.0,0.0
20250814,risk_off_deterioration_proxy,-0.02311927,0.08333333,0.0,0.0,0.375,0.0,0.0,0.0
20250815,weak_drift_chop_proxy,0.01341025,0.91666667,0.0,1.0,0.75,0.0,0.0,0.0
20250818,weak_drift_chop_proxy,0.01806907,0.83333333,0.08333333,0.63636364,0.625,0.0,0.0,0.0
20250819,weak_drift_chop_proxy,-0.00267556,0.33333333,0.0,0.18181818,0.33333333,0.0,0.0,0.0
20250820,weak_drift_chop_proxy,0.02436567,0.91666667,0.08333333,0.54545455,0.58333333,0.0,0.0,0.0
20250821,risk_off_deterioration_proxy,-0.01101409,0.16666667,0.0,0.09090909,0.16666667,0.0,0.0,0.0
20250822,weak_drift_chop_proxy,0.03007337,1.0,0.0,0.72727273,0.625,0.0,0.0,0.0
20250825,sentiment_overdrive_transition_proxy,0.07159692,1.0,0.16666667,1.0,0.83333333,0.0,0.0,0.0
20250826,weak_drift_chop_proxy,0.0161608,0.33333333,0.08333333,0.18181818,0.25,0.0,0.0,0.0
20250827,risk_off_deterioration_proxy,-0.03528137,0.0,0.0,0.27272727,0.0,0.0,0.0,0.0
20250828,weak_drift_chop_proxy,0.03985418,0.91666667,0.08333333,0.81818182,0.75,0.0,0.0,0.0
20250829,weak_drift_chop_proxy,0.03689062,0.83333333,0.16666667,0.36363636,0.54166667,0.0,0.0,0.0
20250901,risk_off_deterioration_proxy,-0.03044911,0.08333333,0.0,0.36363636,0.29166667,0.0,0.0,0.0
20250902,risk_off_deterioration_proxy,-0.03340007,0.08333333,0.0,0.0,0.08333333,0.0,0.0,0.0
20250903,risk_off_deterioration_proxy,-0.05907842,0.0,0.0,0.09090909,0.04166667,0.0,0.0,0.0
20250904,risk_off_deterioration_proxy,-0.04006055,0.0,0.0,0.18181818,0.16666667,0.0,0.0,0.0
20250905,sentiment_overdrive_transition_proxy,0.02571301,1.0,0.0,1.0,0.95833333,0.0,0.0,0.0
20250908,sentiment_overdrive_transition_proxy,0.05282981,1.0,0.16666667,0.45454545,0.875,0.0,0.0,0.0
20250909,risk_off_deterioration_proxy,-0.0319936,0.16666667,0.0,0.09090909,0.04166667,0.0,0.0,0.0
20250910,weak_drift_chop_proxy,0.01357723,0.75,0.08333333,0.45454545,0.54166667,0.0,0.0,0.0
20250911,weak_drift_chop_proxy,0.01811045,0.91666667,0.0,1.0,1.0,0.0,0.0,0.0
20250912,weak_drift_chop_proxy,-0.0069845,0.33333333,0.0,0.45454545,0.20833333,0.0,0.0,0.0
20250915,weak_drift_chop_proxy,-0.02035719,0.08333333,0.0,0.09090909,0.125,0.0,0.0,0.0
20250916,weak_drift_chop_proxy,0.00470666,0.66666667,0.0,0.81818182,0.79166667,0.0,0.0,0.0
20250917,weak_drift_chop_proxy,-0.00260888,0.5,0.0,0.90909091,0.33333333,0.0,0.0,0.0
20250918,weak_drift_chop_proxy,-0.0218183,0.0,0.0,0.45454545,0.25,0.0,0.0,0.0
20250919,weak_drift_chop_proxy,-0.00067196,0.58333333,0.0,0.54545455,0.29166667,0.0,0.0,0.0
20250922,weak_drift_chop_proxy,0.02351243,0.91666667,0.0,0.18181818,0.625,1.0,0.0,0.0
20250923,weak_drift_chop_proxy,-0.01436925,0.33333333,0.0,0.09090909,0.20833333,0.92004441,0.0,0.0
20250924,weak_drift_chop_proxy,0.01050373,0.75,0.0,0.90909091,0.83333333,0.84648172,0.0,0.0
20250925,weak_drift_chop_proxy,-0.00086426,0.5,0.0,0.36363636,0.33333333,0.77880078,0.0,0.0
20250926,weak_drift_chop_proxy,-0.009934,0.16666667,0.0,0.45454545,0.16666667,0.71653131,0.0,0.0
20250929,weak_drift_chop_proxy,0.00792233,0.66666667,0.0,0.72727273,0.625,0.55803515,0.0,0.0
20250930,impulse_expansion_proxy,0.02378111,0.91666667,0.0,0.72727273,0.75,0.51341712,0.0,0.0
20251009,weak_drift_chop_proxy,0.01038937,0.83333333,0.0,0.90909091,0.91666667,0.24252107,0.0,0.0
20251010,risk_off_deterioration_proxy,-0.02249383,0.16666667,0.0,0.18181818,0.41666667,0.22313016,0.0,0.0
20251013,weak_drift_chop_proxy,0.01389934,0.91666667,0.0,0.45454545,0.5,0.17377394,0.0,0.0
20251014,weak_drift_chop_proxy,-0.01151314,0.16666667,0.0,0.18181818,0.375,0.15987975,0.0,0.0
20251015,sentiment_overdrive_transition_proxy,0.00974263,0.91666667,0.0,0.81818182,0.83333333,0.14709647,0.0,0.0
20251016,risk_off_deterioration_proxy,-0.03196508,0.0,0.0,0.09090909,0.125,0.13533528,0.0,0.0
20251017,risk_off_deterioration_proxy,-0.03283514,0.0,0.0,0.0,0.0,0.12451447,0.0,0.0
20251020,sentiment_overdrive_transition_proxy,0.01614157,0.83333333,0.0,1.0,0.79166667,0.09697197,0.0,0.0
20251021,weak_drift_chop_proxy,0.00536085,0.83333333,0.0,0.90909091,0.58333333,0.08921852,0.0,0.0
20251022,weak_drift_chop_proxy,-0.0077583,0.16666667,0.0,0.36363636,0.375,0.082085,0.0,0.0
20251023,weak_drift_chop_proxy,-0.0029276,0.33333333,0.0,0.54545455,0.29166667,0.0,0.0,0.0
20251024,sentiment_overdrive_transition_proxy,0.04652363,1.0,0.16666667,0.90909091,0.83333333,0.0,0.0,0.0
20251027,weak_drift_chop_proxy,0.01598546,0.83333333,0.0,0.45454545,0.58333333,0.0,0.0,0.0
20251028,weak_drift_chop_proxy,-0.00123726,0.33333333,0.0,0.63636364,0.58333333,0.0,0.0,0.0
20251029,weak_drift_chop_proxy,0.0133376,0.91666667,0.0,0.63636364,0.375,0.0,0.0,0.0
20251030,risk_off_deterioration_proxy,-0.01276267,0.16666667,0.0,0.18181818,0.375,0.0,0.0,0.0
20251031,risk_off_deterioration_proxy,-0.01393303,0.08333333,0.0,0.27272727,0.29166667,0.0,0.0,0.0
20251103,sentiment_overdrive_transition_proxy,0.01788451,0.75,0.0,0.63636364,0.91666667,0.0,0.0,0.0
20251104,risk_off_deterioration_proxy,-0.02402378,0.0,0.0,0.09090909,0.33333333,0.0,0.0,0.0
20251105,weak_drift_chop_proxy,-0.00252937,0.33333333,0.0,0.36363636,0.66666667,0.0,0.0,0.0
20251106,weak_drift_chop_proxy,-0.01067783,0.58333333,0.0,0.72727273,0.375,0.0,0.0,0.0
20251107,weak_drift_chop_proxy,0.02011918,0.83333333,0.0,0.27272727,0.625,0.0,0.0,0.0
20251110,weak_drift_chop_proxy,0.01083248,0.75,0.0,0.81818182,0.375,0.0,0.0,0.0
20251111,risk_off_deterioration_proxy,-0.01981269,0.16666667,0.0,0.36363636,0.33333333,0.0,0.0,0.0
20251112,weak_drift_chop_proxy,0.00976741,0.58333333,0.0,0.09090909,0.41666667,0.0,0.0,0.0
20251113,sentiment_overdrive_transition_proxy,0.00413471,0.41666667,0.0,0.72727273,0.66666667,0.0,0.0,0.0
20251114,risk_off_deterioration_proxy,-0.0190833,0.16666667,0.0,0.27272727,0.375,0.0,0.0,0.0
20251117,weak_drift_chop_proxy,0.00465542,0.66666667,0.0,0.63636364,0.625,0.0,0.0,0.0
20251118,risk_off_deterioration_proxy,-0.0216736,0.0,0.0,0.27272727,0.125,0.0,0.0,0.0
20251119,weak_drift_chop_proxy,-0.0099991,0.16666667,0.0,0.09090909,0.41666667,0.0,0.0,0.0
20251120,weak_drift_chop_proxy,-0.000993,0.41666667,0.0,0.36363636,0.45833333,0.0,0.0,0.0
20251121,risk_off_deterioration_proxy,-0.02481342,0.16666667,0.0,0.0,0.0,0.0,0.0,0.0
20251124,sentiment_overdrive_transition_proxy,0.06037284,1.0,0.16666667,1.0,0.95833333,0.0,0.0,0.0
20251125,sentiment_overdrive_transition_proxy,0.02505853,0.83333333,0.0,0.72727273,0.83333333,0.0,0.0,0.0
20251126,risk_off_deterioration_proxy,-0.0216799,0.08333333,0.0,0.18181818,0.25,0.0,0.0,0.0
20251127,weak_drift_chop_proxy,0.00706585,0.58333333,0.08333333,0.54545455,0.33333333,0.0,0.0,0.0
20251128,sentiment_overdrive_transition_proxy,0.04589198,1.0,0.08333333,0.81818182,0.875,0.0,0.0,0.0
20251201,sentiment_overdrive_transition_proxy,0.02588556,0.91666667,0.0,0.72727273,0.75,0.0,0.0,0.0
20251202,sentiment_overdrive_transition_proxy,-0.0037185,0.41666667,0.0,0.45454545,0.70833333,0.0,0.0,0.0
20251203,risk_off_deterioration_proxy,-0.02355885,0.08333333,0.0,0.36363636,0.375,0.0,0.0,0.0
20251204,weak_drift_chop_proxy,0.03453568,0.83333333,0.16666667,0.90909091,0.58333333,0.0,0.0,0.0
20251205,sentiment_overdrive_transition_proxy,0.03468634,1.0,0.0,1.0,1.0,0.0,0.0,0.0
20251208,sentiment_overdrive_transition_proxy,0.00606964,0.5,0.0,0.72727273,0.75,0.0,0.0,0.0
20251209,weak_drift_chop_proxy,-0.0031625,0.41666667,0.0,0.54545455,0.5,0.0,0.0,0.0
20251210,weak_drift_chop_proxy,0.01367479,0.66666667,0.0,0.63636364,0.58333333,0.0,0.0,0.0
20251211,weak_drift_chop_proxy,0.00996239,0.66666667,0.0,0.72727273,0.45833333,0.0,0.0,0.0
20251212,sentiment_overdrive_transition_proxy,0.01284325,0.58333333,0.0,0.90909091,0.79166667,0.0,0.0,0.0
20251215,sentiment_overdrive_transition_proxy,0.01868707,0.66666667,0.08333333,0.45454545,0.75,0.0,0.0,0.0
20251216,weak_drift_chop_proxy,0.00153246,0.41666667,0.08333333,0.18181818,0.41666667,0.0,0.0,0.0
20251217,risk_off_deterioration_proxy,-0.02566324,0.08333333,0.0,0.27272727,0.41666667,0.0,0.0,0.0
20251218,sentiment_overdrive_transition_proxy,0.05528933,0.91666667,0.08333333,0.81818182,0.83333333,0.0,0.0,0.0
20251219,weak_drift_chop_proxy,0.00779976,0.5,0.0,0.81818182,0.625,0.0,0.0,0.0
20251222,weak_drift_chop_proxy,0.0126416,0.58333333,0.08333333,0.36363636,0.5,0.0,0.0,0.0
20251223,risk_off_deterioration_proxy,-0.0506197,0.0,0.0,0.18181818,0.20833333,0.0,0.0,0.0
20251224,impulse_expansion_proxy,0.05329837,1.0,0.16666667,0.90909091,1.0,1.0,0.0,0.0
20251225,impulse_expansion_proxy,0.0554692,1.0,0.25,1.0,1.0,0.92004441,0.0,0.0
20251226,weak_drift_chop_proxy,0.03904765,0.91666667,0.16666667,0.63636364,0.875,1.84648172,0.0,0.0
20251229,weak_drift_chop_proxy,0.04246923,0.58333333,0.25,0.72727273,0.66666667,1.43804141,0.0,0.0
20251230,weak_drift_chop_proxy,-0.00583633,0.5,0.08333333,0.27272727,0.45833333,1.32306197,0.0,0.0
20251231,impulse_expansion_proxy,0.07049737,1.0,0.33333333,1.0,0.91666667,1.21727578,0.0,0.0
20260105,weak_drift_chop_proxy,0.04054891,0.91666667,0.25,0.54545455,0.5,0.80247765,0.0,0.0
20260106,impulse_expansion_proxy,0.07114318,1.0,0.5,1.0,0.91666667,0.73831508,0.0,0.0
20260107,risk_off_deterioration_proxy,-0.02536436,0.16666667,0.0,0.63636364,0.625,0.67928267,0.0,0.0
20260108,impulse_expansion_proxy,0.0559306,1.0,0.16666667,1.0,1.0,1.62497022,0.0,0.0
20260109,weak_drift_chop_proxy,0.05035197,0.83333333,0.16666667,0.90909091,0.83333333,1.49504478,0.0,0.0
20260112,impulse_expansion_proxy,0.1239545,1.0,0.75,1.0,1.0,1.16434204,0.0,0.0
20260113,risk_off_deterioration_proxy,-0.04064704,0.33333333,0.08333333,0.09090909,0.26086957,1.07124639,1.0,0.0
20260114,weak_drift_chop_proxy,0.01151863,0.5,0.08333333,0.18181818,0.2173913,0.98559426,0.92004441,0.0
20260115,risk_off_deterioration_proxy,-0.08602163,0.0,0.0,0.0,0.08695652,0.90679049,0.84648172,0.0
20260116,risk_off_deterioration_proxy,-0.0054461,0.33333333,0.0,0.63636364,0.41666667,0.83428753,0.77880078,0.0
20260119,weak_drift_chop_proxy,0.00558835,0.58333333,0.08333333,0.81818182,0.54166667,0.64974378,0.60653066,0.0
20260120,risk_off_deterioration_proxy,-0.05073516,0.08333333,0.0,0.0,0.04166667,0.59779314,0.55803515,0.0
20260121,risk_off_deterioration_proxy,-0.01598405,0.16666667,0.0,0.45454545,0.16666667,1.54999624,0.51341712,0.0
20260122,weak_drift_chop_proxy,0.05022477,0.91666667,0.16666667,1.0,1.0,1.42606538,0.47236655,0.0
20260123,impulse_expansion_proxy,0.07980154,0.91666667,0.33333333,0.90909091,0.95833333,1.31204349,0.43459821,0.0
20260126,weak_drift_chop_proxy,-0.08753322,0.0,0.0,0.0,0.25,0.88237079,0.33846543,0.0
20260127,weak_drift_chop_proxy,0.01822547,0.66666667,0.08333333,0.63636364,0.66666667,0.81182032,0.31140322,0.0
20260128,weak_drift_chop_proxy,-0.02912721,0.0,0.0,0.18181818,0.33333333,0.74691075,0.2865048,0.0
20260129,weak_drift_chop_proxy,-0.0150807,0.25,0.0,0.09090909,0.41666667,0.68719106,0.26359714,0.0
20260130,weak_drift_chop_proxy,-0.02232146,0.08333333,0.0,0.36363636,0.33333333,0.6322463,0.24252107,0.0
20260202,weak_drift_chop_proxy,-0.02155978,0.25,0.0,0.18181818,0.54166667,0.49239391,0.1888756,0.0
20260203,weak_drift_chop_proxy,0.04452509,0.91666667,0.08333333,1.0,0.95833333,0.45302427,0.17377394,0.0
20260204,weak_drift_chop_proxy,-0.01184527,0.25,0.0,0.27272727,0.625,0.41680245,0.15987975,0.0
20260205,weak_drift_chop_proxy,-0.02343039,0.08333333,0.0,0.63636364,0.375,0.38347676,0.14709647,0.0
20260206,weak_drift_chop_proxy,-0.01574745,0.08333333,0.0,0.18181818,0.41666667,0.35281566,0.13533528,0.0
20260209,weak_drift_chop_proxy,0.02077472,0.91666667,0.0,1.0,0.66666667,0.20528966,0.10539922,0.0
20260210,weak_drift_chop_proxy,-0.01667627,0.16666667,0.0,0.27272727,0.125,0.1888756,0.09697197,0.0
20260211,weak_drift_chop_proxy,-0.01493022,0.16666667,0.0,0.0,0.20833333,0.17377394,0.08921852,0.0
20260212,weak_drift_chop_proxy,-0.01209515,0.08333333,0.0,0.45454545,0.125,0.15987975,0.082085,0.0
20260213,weak_drift_chop_proxy,0.00094509,0.33333333,0.08333333,0.36363636,0.20833333,0.14709647,0.0,0.0
20260224,weak_drift_chop_proxy,-0.00155527,0.41666667,0.0,0.36363636,0.625,0.0,0.0,0.0
20260225,weak_drift_chop_proxy,0.02744595,0.91666667,0.0,0.81818182,0.875,0.0,0.0,0.0
20260226,weak_drift_chop_proxy,0.00770778,0.75,0.0,1.0,0.58333333,0.0,0.0,0.0
20260227,weak_drift_chop_proxy,0.00426566,0.75,0.0,0.81818182,0.58333333,0.0,0.0,0.0
20260302,weak_drift_chop_proxy,0.05761826,1.0,0.16666667,0.54545455,0.45833333,0.0,0.0,0.0
20260303,weak_drift_chop_proxy,-0.07997892,0.0,0.0,0.0,0.0,0.0,0.0,0.0
20260304,weak_drift_chop_proxy,0.0215559,0.91666667,0.0,0.54545455,0.58333333,0.0,0.0,0.0
20260305,weak_drift_chop_proxy,0.01276958,0.66666667,0.0,0.81818182,0.79166667,0.0,0.0,0.0
20260306,weak_drift_chop_proxy,0.00594429,0.58333333,0.0,0.63636364,0.54166667,1.0,0.0,0.0
20260309,weak_drift_chop_proxy,-0.01516705,0.33333333,0.0,0.27272727,0.33333333,0.77880078,0.0,0.0
20260310,sentiment_overdrive_transition_proxy,0.01317748,0.91666667,0.0,1.0,0.95833333,0.71653131,0.0,0.0
20260311,weak_drift_chop_proxy,-0.02008332,0.16666667,0.0,0.18181818,0.25,0.65924063,0.0,0.0
20260312,weak_drift_chop_proxy,-0.03308124,0.0,0.0,0.27272727,0.16666667,0.60653066,0.0,0.0
20260313,weak_drift_chop_proxy,-0.03244173,0.0,0.0,0.18181818,0.125,0.55803515,0.0,0.0
20260316,weak_drift_chop_proxy,-0.0037285,0.5,0.0,0.36363636,0.5,0.43459821,0.0,0.0
20260317,weak_drift_chop_proxy,-0.03157676,0.0,0.0,0.0,0.16666667,0.39984965,0.0,0.0
20260318,sentiment_overdrive_transition_proxy,0.03770288,1.0,0.0,0.90909091,0.91666667,0.36787944,0.0,0.0
20260319,weak_drift_chop_proxy,-0.01134003,0.25,0.0,0.09090909,0.20833333,0.33846543,0.0,0.0
20260320,weak_drift_chop_proxy,-0.03260129,0.08333333,0.0,0.0,0.125,0.31140322,0.0,0.0
20260323,weak_drift_chop_proxy,-0.04742441,0.08333333,0.0,0.0,0.125,0.24252107,0.0,0.0
20260324,sentiment_overdrive_transition_proxy,0.01392588,0.91666667,0.0,0.81818182,0.79166667,0.22313016,0.0,0.0
20260325,sentiment_overdrive_transition_proxy,0.01160311,0.91666667,0.0,0.90909091,0.83333333,0.20528966,0.0,0.0
20260326,weak_drift_chop_proxy,-0.00559031,0.25,0.0,0.36363636,0.41666667,0.1888756,0.0,0.0
20260327,weak_drift_chop_proxy,-0.00536188,0.33333333,0.0,0.54545455,0.58333333,0.17377394,0.0,0.0
20260330,impulse_expansion_proxy,0.0270883,0.91666667,0.0,0.81818182,1.0,0.98181701,0.0,0.0
20260331,weak_drift_chop_proxy,0.00233651,0.58333333,0.0,0.18181818,0.66666667,0.90331525,0.0,0.0
20260401,weak_drift_chop_proxy,-0.00701702,0.25,0.0,0.54545455,0.25,0.83109015,0.0,0.0
20260402,risk_off_deterioration_proxy,-0.01829128,0.08333333,0.0,0.18181818,0.25,0.76463985,0.0,0.0
20260403,risk_off_deterioration_proxy,-0.02257246,0.08333333,0.0,0.18181818,0.16666667,0.70350263,0.0,0.0
