trade_date,month_bucket,symbol,predicted_label,is_seed_allowed,unlock_worthy,high_role_symbol,open_to_5m,open_to_15m,open_to_60m,close_loc_15m,burst_amount_share_15,up_amount_share_15,down_amount_share_15,pos_minute_count_15,neg_minute_count_15,max_return_15m
20251103,2025-11,000738,allowed_preheat_probe_add,False,False,True,0.0,-0.00587293,-0.00533903,0.0,0.36864731,0.06486826,0.79123714,2,10,0.00266951
20251103,2025-11,002085,allowed_preheat_probe_add,False,False,True,-0.00988947,-0.01454334,0.00814427,0.11764706,0.24273888,0.29938213,0.54260171,6,7,0.00290867
20251103,2025-11,002465,allowed_preheat_probe_add,False,False,True,-0.00255537,-0.0076661,-0.0076661,0.08333333,0.48003882,0.25635722,0.3331236,5,5,0.00170358
20251103,2025-11,003009,allowed_preheat_probe_add,False,False,False,-0.004536,-0.00661501,0.02286902,0.27118644,0.24754389,0.32366781,0.59404851,5,8,0.001512
20251103,2025-11,300045,allowed_preheat_full_add,False,False,False,0.0017094,0.00555556,0.02350427,0.6969697,0.25826427,0.46456956,0.50589219,6,8,0.00982906
20251103,2025-11,300342,allowed_preheat_probe_add,False,False,False,-0.00650759,0.0005423,0.0037961,0.61290323,0.34878639,0.45806528,0.42038677,6,7,0.00704989
20251103,2025-11,600118,allowed_preheat_probe_add,False,False,False,-0.00814711,-0.00558659,0.01629423,0.46280992,0.28722257,0.46433609,0.49944666,6,8,0.00954376
20251103,2025-11,600879,allowed_preheat_probe_add,False,False,True,-0.00912409,-0.01094891,-0.00638686,0.16666667,0.44338269,0.11992582,0.6262175,2,8,0.00273723
20251103,2025-11,601698,allowed_preheat_probe_add,False,False,False,-0.00323176,-0.00923361,0.00323176,0.0,0.33978729,0.30073856,0.52118155,4,8,0.00184672
20251103,2025-11,688568,allowed_preheat_probe_add,False,False,False,-0.01272016,-0.00905088,-0.02030333,0.25352113,0.33829663,0.27608907,0.58580587,4,8,0.00391389
20251104,2025-11,000738,allowed_preheat_probe_add,False,False,True,-0.0005339,-0.00160171,-0.00533903,0.33333333,0.28344542,0.30518714,0.46808628,5,7,0.00160171
20251104,2025-11,002085,allowed_preheat_probe_add,False,False,True,-0.00350058,-0.00175029,-0.01050175,0.6,0.36687737,0.43724449,0.42746468,6,6,0.00058343
20251104,2025-11,002465,allowed_preheat_probe_add,False,False,True,-0.00084602,-0.00169205,-0.01184433,0.33333333,0.31008627,0.2411571,0.47407744,4,7,0.00338409
20251104,2025-11,003009,allowed_preheat_probe_add,False,False,False,0.00331187,-0.00331187,-0.01103956,0.37878788,0.40202955,0.45051618,0.51087917,8,6,0.00423183
20251104,2025-11,300342,allowed_preheat_probe_add,False,False,False,0.00320171,-0.00160085,-0.0090715,0.1,0.43313843,0.28673245,0.43420145,4,7,0.00800427
20251104,2025-11,600118,allowed_preheat_probe_add,False,False,False,0.00431818,-0.00181818,-0.01954545,0.3963964,0.43138006,0.64305063,0.32036356,9,5,0.01340909
20251104,2025-11,600879,allowed_preheat_probe_add,False,False,True,-0.00358744,-0.01255605,-0.0206278,0.16666667,0.34016691,0.13057791,0.7438269,3,9,0.00089686
20251104,2025-11,601698,allowed_preheat_probe_add,False,False,False,0.01361779,0.00635497,-0.00817068,0.41176471,0.57703058,0.50415171,0.40791357,6,7,0.0154335
20251104,2025-11,688066,allowed_preheat_probe_add,False,False,False,0.00738255,-0.00302013,-0.01879195,0.19230769,0.2788302,0.20996875,0.72814194,4,9,0.01107383
20251104,2025-11,688523,allowed_preheat_probe_add,False,False,False,0.01085271,0.00620155,-0.00620155,0.47692308,0.47394266,0.64369153,0.32766622,9,5,0.01937984
20251104,2025-11,688568,allowed_preheat_probe_add,False,False,False,-0.01217089,-0.00695479,-0.01738698,0.54098361,0.24853959,0.44113241,0.47224166,8,5,0.0
20251105,2025-11,000738,allowed_preheat_probe_add,False,False,True,0.00216216,0.00162162,0.00216216,0.58333333,0.44701107,0.20764271,0.21130429,3,5,0.00432432
20251105,2025-11,002085,allowed_preheat_probe_add,False,False,True,0.00300842,0.00421179,-0.00120337,0.64285714,0.41478655,0.59650013,0.28768789,8,5,0.00722022
20251105,2025-11,002465,allowed_preheat_full_add,False,False,True,0.00260643,0.00608167,0.0086881,0.84615385,0.4310705,0.62314024,0.1300102,7,3,0.00781929
20251105,2025-11,003009,allowed_preheat_full_add,False,False,False,0.01041075,0.01362862,0.00984289,0.77669903,0.41256429,0.59968189,0.31560353,7,6,0.01798221
20251105,2025-11,300045,allowed_preheat_full_add,False,False,False,0.03508772,0.03114035,0.05,0.71717172,0.39300767,0.6309154,0.32012779,7,7,0.04342105
20251105,2025-11,300342,allowed_preheat_full_add,False,False,False,0.0076087,0.01521739,0.01847826,0.76595745,0.48100791,0.73647552,0.18937197,9,4,0.02119565
20251105,2025-11,600118,allowed_preheat_full_add,False,False,False,0.0214951,0.02579412,0.03224266,0.77142857,0.49307782,0.45361109,0.48038114,6,8,0.03343683
20251105,2025-11,600879,allowed_preheat_full_add,False,False,True,0.00560748,0.00560748,0.00186916,0.66666667,0.43028754,0.53872329,0.33065769,8,5,0.01028037
20251105,2025-11,601698,allowed_preheat_full_add,False,False,False,0.00933707,0.01260504,0.01633987,0.61702128,0.47232362,0.54864561,0.29893537,7,5,0.0210084
20251105,2025-11,688066,allowed_preheat_full_add,False,False,False,0.0,0.00861772,0.02033781,0.66071429,0.4224791,0.46032994,0.44074334,7,6,0.01516718
20251105,2025-11,688523,allowed_preheat_probe_add,False,False,False,-0.00193723,0.00774893,-0.00891127,0.5942029,0.42393153,0.64288383,0.33701221,8,6,0.01859744
20251105,2025-11,688568,allowed_preheat_probe_add,False,False,False,0.00153846,0.0025641,-0.00230769,0.57142857,0.35815443,0.39006837,0.58227293,5,9,0.00641026
20251106,2025-11,000738,allowed_preheat_full_add,False,False,True,0.01344086,0.01827957,0.02419355,0.82222222,0.44310995,0.79545766,0.09317201,10,3,0.02258065
20251106,2025-11,002085,allowed_preheat_probe_add,False,False,True,0.00119976,0.0,0.00719856,0.25,0.37571566,0.38504692,0.47979828,5,7,0.00539892
20251106,2025-11,002465,allowed_preheat_probe_add,False,False,True,0.00345722,-0.00172861,0.0008643,0.25,0.41933877,0.21444016,0.41460222,4,6,0.00605013
20251106,2025-11,003009,allowed_preheat_probe_add,False,False,False,0.01092073,0.0065901,-0.00112973,0.39325843,0.43597351,0.53051066,0.45293337,7,7,0.01675767
20251106,2025-11,300045,allowed_preheat_probe_add,False,False,False,0.00042265,-0.01352494,-0.00972105,0.01639344,0.51171405,0.35090718,0.56989096,4,9,0.01183432
20251106,2025-11,300342,allowed_preheat_probe_add,False,False,False,0.00540541,-0.00540541,-0.00216216,0.08,0.3985217,0.30974156,0.55980113,4,8,0.00702703
20251106,2025-11,600118,allowed_preheat_probe_add,False,False,False,0.00234467,-0.00046893,-0.00515826,0.2875,0.40354726,0.27792162,0.48322609,4,7,0.01289566
20251106,2025-11,600879,allowed_preheat_probe_add,False,False,True,0.00558659,0.00372439,0.00558659,0.7,0.29785239,0.40659605,0.30732534,4,5,0.00651769
20251106,2025-11,601698,allowed_preheat_probe_add,False,False,False,-0.00138058,-0.00552232,-0.00644271,0.29032258,0.38288216,0.12914944,0.73327216,3,9,0.00460193
20251106,2025-11,688066,allowed_preheat_probe_add,False,False,False,0.03438625,0.03158737,0.00119952,0.56962025,0.59066415,0.38697191,0.51029079,6,8,0.05877649
20251106,2025-11,688523,allowed_preheat_probe_add,False,False,False,0.01027668,-0.0055336,-0.0055336,0.07017544,0.34652261,0.33397288,0.55006237,5,8,0.01541502
20251106,2025-11,688568,allowed_preheat_full_add,False,False,False,0.01056973,0.00799175,0.01031194,0.64583333,0.40069383,0.54762764,0.29257133,9,4,0.01237432
20251107,2025-11,000738,allowed_preheat_probe_add,False,False,True,-0.0037037,-0.0026455,-0.0021164,0.45454545,0.45588157,0.14030238,0.69742622,3,7,0.0005291
20251107,2025-11,002085,allowed_preheat_probe_add,False,False,True,-0.00535714,-0.00654762,-0.00595238,0.3125,0.43733065,0.24143859,0.64398054,4,8,0.0
20251107,2025-11,002465,allowed_preheat_probe_add,False,False,True,-0.00693842,-0.00173461,0.00433651,0.72727273,0.42146055,0.46472267,0.46934573,7,6,0.0008673
20251107,2025-11,003009,allowed_preheat_full_add,False,False,False,0.0028924,0.01156961,0.0187042,1.0,0.27994679,0.56755411,0.3968368,7,7,0.01156961
20251107,2025-11,300045,allowed_preheat_probe_add,False,False,False,-0.01141167,0.00126796,0.00760778,0.79591837,0.36429644,0.44384295,0.54032501,7,7,0.00549451
20251107,2025-11,300342,allowed_preheat_probe_add,False,False,False,-0.00590763,0.00429646,0.01342642,0.81081081,0.24776129,0.56444577,0.39436566,10,3,0.00805585
20251107,2025-11,600118,allowed_preheat_probe_add,False,False,False,-0.0027907,0.00162791,0.01976744,0.6,0.24252265,0.38455754,0.578574,5,9,0.00813953
20251107,2025-11,600879,allowed_preheat_probe_add,False,False,True,-0.00740056,-0.00555042,-0.00277521,0.45454545,0.35071337,0.34291932,0.37767474,6,4,0.0
20251107,2025-11,601698,allowed_preheat_probe_add,False,False,False,-0.00879223,-0.00416474,0.01480796,0.60869565,0.20004085,0.55913634,0.37264982,9,4,0.0
20251107,2025-11,688523,allowed_preheat_probe_add,False,False,False,-0.01471173,-0.00198807,0.02823062,0.87272727,0.22619715,0.4089661,0.58526297,7,7,0.00079523
20251107,2025-11,688568,allowed_preheat_probe_add,False,False,False,-0.00792839,0.00153453,0.0028133,0.87272727,0.56329371,0.25686732,0.65947074,5,7,0.00332481
20251110,2025-11,000738,allowed_preheat_probe_add,False,False,True,-0.0005291,-0.0015873,-0.0031746,0.3,0.27971932,0.42125252,0.4926132,5,7,0.0021164
20251110,2025-11,002085,allowed_preheat_full_add,False,False,True,0.00600601,0.00540541,0.0012012,0.75,0.43004242,0.58841984,0.34667908,7,6,0.00720721
20251110,2025-11,002465,allowed_preheat_probe_add,False,False,True,0.02288136,0.01186441,0.00169492,0.51851852,0.54848057,0.60673995,0.35094657,6,7,0.02288136
20251110,2025-11,003009,allowed_preheat_probe_add,False,False,False,0.02118003,0.00832073,-0.00056732,0.33587786,0.48728864,0.48668212,0.4789141,6,8,0.02477307
20251110,2025-11,300045,allowed_preheat_probe_add,False,False,False,0.00616016,0.00205339,-0.01437372,0.48717949,0.39018314,0.60969136,0.36314146,8,6,0.01026694
20251110,2025-11,300342,allowed_preheat_probe_add,False,False,False,0.00051073,-0.00766088,-0.01889683,0.3255814,0.56336641,0.37358453,0.57071746,6,8,0.00715015
20251110,2025-11,600118,allowed_preheat_probe_add,False,False,False,0.01024412,-0.0032694,-0.01482127,0.42211055,0.51630224,0.39104745,0.56195356,6,8,0.02179599
20251110,2025-11,600879,allowed_preheat_full_add,False,False,True,0.05485612,0.05485612,0.03147482,0.7625,0.66661981,0.60560795,0.38450358,7,7,0.07194245
20251110,2025-11,601698,allowed_preheat_probe_add,False,False,False,0.0070609,-0.00529568,-0.01147396,0.10526316,0.49625915,0.53329519,0.40273419,6,7,0.00970874
20251110,2025-11,688066,allowed_preheat_full_add,False,False,False,0.04580446,0.04503464,-0.00115473,0.60287081,0.64235361,0.60155207,0.36963155,8,6,0.07698229
20251110,2025-11,688568,allowed_preheat_full_add,False,False,False,0.03166987,0.03454894,0.01199616,0.85207101,0.67269207,0.65516151,0.3121615,8,6,0.04054702
20251111,2025-11,000738,allowed_preheat_probe_add,False,False,True,-0.00052715,-0.0010543,-0.00316289,0.2,0.31239585,0.54733715,0.34180323,7,6,0.00316289
20251111,2025-11,002085,allowed_preheat_full_add,False,False,True,0.00352941,0.01,0.01529412,0.82608696,0.39929125,0.51390612,0.41552334,6,7,0.01235294
20251111,2025-11,002465,allowed_preheat_probe_add,False,False,True,0.00681431,0.00170358,-0.00425894,0.16666667,0.34244711,0.2275169,0.50923613,3,8,0.01022147
20251111,2025-11,003009,allowed_preheat_probe_add,False,False,False,-0.00264951,-0.00813777,-0.03425435,0.21666667,0.25597546,0.37279105,0.57059873,6,7,0.000757
20251111,2025-11,300045,allowed_preheat_probe_add,False,False,False,0.00294613,0.0016835,-0.0223064,0.41860465,0.30343837,0.35091024,0.61734879,5,9,0.01220539
20251111,2025-11,300342,allowed_preheat_probe_add,False,False,False,0.00526593,0.01000527,-0.00631912,0.54285714,0.34235063,0.52821944,0.33870173,7,6,0.01843075
20251111,2025-11,600118,allowed_preheat_probe_add,False,False,False,0.01223038,0.0075606,-0.04380698,0.25757576,0.29129665,0.45331839,0.47505827,6,8,0.0293529
20251111,2025-11,600879,allowed_preheat_probe_add,False,False,True,-0.00614035,-0.00175439,-0.01842105,0.61111111,0.3613358,0.15982125,0.51776154,4,6,0.00438596
20251111,2025-11,601698,allowed_preheat_full_add,False,False,False,0.00990099,0.01845185,-0.00810081,0.671875,0.43004256,0.73363767,0.2377498,8,6,0.02790279
20251111,2025-11,688066,allowed_preheat_full_add,False,False,False,0.01686275,0.02352941,-0.00117647,0.6185567,0.44047107,0.50802209,0.44737985,7,7,0.03803922
20251111,2025-11,688523,allowed_preheat_probe_add,False,False,False,0.00801833,0.00420008,-0.02940053,0.2244898,0.29309094,0.38898237,0.49288858,6,8,0.01870943
20251111,2025-11,688568,allowed_preheat_probe_add,False,False,False,-0.00357143,0.00238095,-0.02333333,0.640625,0.41183961,0.34714012,0.62510259,7,7,0.00785714
20251112,2025-11,000738,allowed_preheat_probe_add,False,False,True,-0.00789889,-0.00789889,-0.0073723,0.21052632,0.57488793,0.21897695,0.53202016,3,9,0.0
20251112,2025-11,002085,allowed_preheat_probe_add,False,False,True,-0.01116334,-0.01057579,-0.01233843,0.18181818,0.52397379,0.24668124,0.62460592,6,6,0.0
20251112,2025-11,002465,allowed_preheat_probe_add,False,False,True,-0.01199657,-0.00514139,-0.00685518,0.57142857,0.51144358,0.20042242,0.51477664,4,6,0.0
20251112,2025-11,003009,allowed_preheat_probe_add,False,False,False,-0.00775194,-0.00695687,-0.00874578,0.46153846,0.47269321,0.28113993,0.60814595,5,8,0.0
20251112,2025-11,300045,allowed_preheat_probe_add,False,False,False,-0.01741402,-0.01175446,-0.01567262,0.58461538,0.51291972,0.32215075,0.56231213,6,7,0.0
20251112,2025-11,300342,allowed_preheat_probe_add,False,False,False,-0.01013874,-0.00533618,-0.00800427,0.48888889,0.49659498,0.37805979,0.53576599,6,7,0.00693703
20251112,2025-11,600118,allowed_preheat_full_add,False,False,False,-0.00210379,0.00701262,0.00631136,0.75714286,0.44485735,0.55868471,0.40923445,8,6,0.01098644
20251112,2025-11,600879,allowed_preheat_probe_add,False,False,True,-0.01792115,-0.01075269,-0.01612903,0.48,0.51356963,0.25309556,0.51597313,6,5,0.00089606
20251112,2025-11,601698,allowed_preheat_probe_add,False,False,False,-0.01406534,-0.01043557,-0.01179673,0.36111111,0.45568197,0.17709816,0.57966221,4,7,0.0
20251112,2025-11,688066,allowed_preheat_probe_add,False,False,False,-0.01115982,-0.00398565,-0.00637704,0.46753247,0.46144443,0.33732612,0.63550687,5,9,0.01235552
20251112,2025-11,688523,allowed_preheat_full_add,False,False,False,-0.00039857,0.009167,0.00478278,0.69491525,0.5254391,0.3185184,0.66643625,6,8,0.01634117
20251112,2025-11,688568,allowed_preheat_probe_add,False,False,False,-0.0122459,-0.00465344,0.00514328,0.65853659,0.37219235,0.55043068,0.44297598,8,6,0.00220426
20251113,2025-11,000738,allowed_preheat_probe_add,False,False,True,-0.00106553,0.00213106,0.00106553,0.90909091,0.33341639,0.43863431,0.45543747,5,7,0.00266383
20251113,2025-11,002085,allowed_preheat_probe_add,False,False,True,-0.0024024,0.0006006,0.0006006,0.71428571,0.39539212,0.27385979,0.52508445,5,7,0.003003
20251113,2025-11,002465,allowed_preheat_full_add,False,False,True,0.00684346,0.00684346,0.01283148,0.66666667,0.37192945,0.38404704,0.53008444,5,8,0.01026518
20251113,2025-11,003009,allowed_preheat_full_add,False,False,False,0.00999001,0.00779221,0.02497502,0.78,0.26629146,0.48720156,0.35347198,7,6,0.00999001
20251113,2025-11,300045,allowed_preheat_full_add,False,False,False,0.01261967,0.01523064,0.03002611,0.82352941,0.3222056,0.64012974,0.28015799,8,5,0.01914708
20251113,2025-11,300342,allowed_preheat_full_add,False,False,False,0.00620476,0.00827301,0.01809721,0.625,0.42352174,0.61834644,0.25805299,7,6,0.01602896
20251113,2025-11,600118,allowed_preheat_probe_add,False,False,False,0.02244898,0.02131519,0.02947846,0.58024691,0.46403493,0.53781079,0.41836175,7,7,0.03673469
20251113,2025-11,600879,allowed_preheat_full_add,False,False,True,0.0181653,0.01453224,0.0208901,0.77272727,0.53372991,0.49782391,0.42292183,6,6,0.01907357
20251113,2025-11,601698,allowed_preheat_full_add,False,False,False,0.01486486,0.01126126,0.01621622,0.66666667,0.43999582,0.57064587,0.38652648,7,7,0.01801802
20251113,2025-11,688066,allowed_preheat_probe_add,False,False,False,-0.00666667,-0.00823529,0.01215686,0.66216216,0.42920976,0.28586104,0.66851131,5,9,0.00156863
20251113,2025-11,688523,allowed_preheat_full_add,False,False,False,0.01072386,0.01953275,0.08004596,0.62105263,0.32447355,0.65980854,0.29916998,8,6,0.03332057
20251113,2025-11,688568,allowed_preheat_probe_add,False,False,False,-0.00934579,-0.00233645,-0.00700935,0.625,0.51825406,0.37078062,0.60379256,6,8,0.00257009
20251114,2025-11,000738,allowed_preheat_probe_add,False,False,True,-0.00369783,0.00052826,-0.00158479,0.66666667,0.59043857,0.60083599,0.27288523,6,5,0.00316957
20251114,2025-11,002085,allowed_preheat_probe_add,False,False,True,-0.00060205,-0.00180614,-0.00120409,0.38461538,0.42998,0.29415008,0.49347942,5,6,0.00301023
20251114,2025-11,002465,allowed_preheat_probe_add,False,False,True,-0.00336417,0.00420521,-0.00084104,1.0,0.48062721,0.49751822,0.31092019,6,5,0.00420521
20251114,2025-11,003009,allowed_preheat_probe_add,False,False,False,-0.00806293,-0.00117994,-0.00058997,0.56842105,0.4606206,0.55304201,0.42885675,8,6,0.00688299
20251114,2025-11,300045,allowed_preheat_probe_add,False,False,False,-0.01653612,-0.00130548,-0.00261097,0.67073171,0.47844674,0.47952609,0.38743531,8,5,0.01044386
20251114,2025-11,300342,allowed_preheat_full_add,False,False,False,-0.00885417,0.01302083,0.01145833,0.89830508,0.47545014,0.50122075,0.46421551,7,7,0.01614583
20251114,2025-11,600118,allowed_preheat_probe_add,False,False,False,0.00159163,0.00886767,-0.00386539,0.43333333,0.44787966,0.69007982,0.26827931,9,5,0.02046385
20251114,2025-11,600879,allowed_preheat_probe_add,False,False,True,-0.00718133,-0.002693,-0.00628366,0.52941176,0.41941412,0.42965948,0.44010676,7,6,0.00448833
20251114,2025-11,601698,allowed_preheat_probe_add,False,False,False,-0.00770276,0.00181242,-0.00498414,0.71428571,0.45614851,0.63085072,0.30301218,10,3,0.00634345
20251114,2025-11,688066,allowed_preheat_probe_add,False,False,False,-0.02125953,-0.00802246,-0.01203369,0.67164179,0.43861777,0.37526227,0.56631735,6,7,0.00080225
20251114,2025-11,688523,allowed_preheat_probe_add,False,False,False,-0.00938967,0.00469484,0.00216685,0.66666667,0.55189648,0.43597726,0.48210082,6,7,0.01552907
20251114,2025-11,688568,allowed_preheat_probe_add,False,False,False,-0.01838755,-0.00801509,-0.01579444,0.6091954,0.43143397,0.44173988,0.54303531,6,8,0.0
20251117,2025-11,000738,allowed_preheat_probe_add,False,False,True,-0.00365344,-0.00887265,-0.00835073,0.17391304,0.48359968,0.22425339,0.7256381,6,8,0.00104384
20251117,2025-11,002085,allowed_preheat_probe_add,False,False,True,-0.00735294,-0.00551471,-0.01715686,0.4,0.29830881,0.21320577,0.76202271,5,9,0.0
20251117,2025-11,002465,allowed_preheat_probe_add,False,False,True,0.00250836,-0.00250836,-0.00501672,0.14285714,0.52241218,0.42965812,0.45384879,5,7,0.00752508
20251117,2025-11,003009,allowed_preheat_probe_add,True,False,False,-0.00076879,-0.01364597,-0.01537574,0.06451613,0.53622503,0.21948495,0.6713156,4,9,0.00864886
20251117,2025-11,300045,allowed_preheat_full_add,True,False,False,0.00803571,0.01294643,0.00892857,0.78378378,0.35445649,0.52387447,0.35858068,8,5,0.01651786
20251117,2025-11,300342,allowed_preheat_probe_add,False,False,False,-0.00260417,-0.0078125,0.01197917,0.125,0.24921418,0.3446593,0.46428888,5,6,0.00677083
20251117,2025-11,600118,allowed_preheat_probe_add,False,False,False,-0.00648148,-0.00740741,-0.00416667,0.2173913,0.4103322,0.49672633,0.47716953,7,7,0.00509259
20251117,2025-11,600879,allowed_preheat_probe_add,False,False,True,0.0,-0.00452489,-0.00452489,0.38461538,0.4561761,0.2515411,0.41641156,5,7,0.00271493
20251117,2025-11,601698,allowed_preheat_probe_add,False,False,False,-0.00645161,-0.00230415,0.00276498,0.37931034,0.35804947,0.22297109,0.51252442,5,6,0.00599078
20251117,2025-11,688066,allowed_preheat_probe_add,True,False,False,-0.01827782,-0.01340374,-0.01909017,0.32653061,0.47369006,0.34026896,0.58336448,4,8,0.0
20251117,2025-11,688523,allowed_preheat_probe_add,True,False,False,-0.001443,-0.01226551,0.00649351,0.03,0.36453828,0.49710637,0.46780823,7,7,0.02272727
20251117,2025-11,688568,allowed_preheat_probe_add,True,False,False,0.00708181,0.004884,0.01465201,0.44230769,0.34822773,0.34483644,0.60961121,5,9,0.01196581
20251118,2025-11,000738,allowed_preheat_probe_add,True,False,True,-0.0026178,-0.00366492,-0.00418848,0.07692308,0.39776343,0.2585116,0.46588721,5,5,0.0026178
20251118,2025-11,002085,allowed_preheat_probe_add,False,False,True,-0.00811486,-0.00998752,-0.01248439,0.05882353,0.3249369,0.23105599,0.64859748,3,9,0.0
20251118,2025-11,002465,allowed_preheat_probe_add,False,False,True,-0.00421941,-0.01434599,-0.01265823,0.0,0.47318603,0.17697033,0.60135699,4,7,0.0
20251118,2025-11,003009,allowed_preheat_probe_add,True,False,False,0.00521879,-0.01144119,-0.01324769,0.0,0.56493093,0.30336363,0.65891396,5,9,0.0106383
20251118,2025-11,688066,allowed_preheat_probe_add,True,False,False,-0.00491803,-0.01106557,-0.00778689,0.16,0.50366926,0.40772559,0.57161491,6,8,0.00614754
20251118,2025-11,688568,allowed_preheat_probe_add,True,False,False,-0.00442043,-0.01399804,-0.01031434,0.0,0.37385982,0.20246516,0.79171274,4,10,0.00270138
20251119,2025-11,000738,allowed_preheat_probe_add,True,False,True,0.00158395,0.00369588,0.00105597,0.64285714,0.38643922,0.48713384,0.2934263,6,5,0.0063358
20251119,2025-11,002085,allowed_preheat_probe_add,False,False,True,0.00569981,-0.00126662,-0.01203293,0.0,0.29037267,0.43694459,0.37450467,7,4,0.00569981
20251119,2025-11,002465,allowed_preheat_probe_add,False,False,True,0.00515021,0.00257511,-0.00257511,0.44444444,0.29334321,0.32034741,0.18851524,5,3,0.00686695
20251119,2025-11,003009,allowed_preheat_probe_add,False,False,False,0.0047054,0.00450082,-0.00879705,0.76470588,0.30506532,0.57557539,0.40693924,9,5,0.00613748
20251119,2025-11,300045,allowed_preheat_probe_add,False,False,False,-0.00528169,-0.0118838,-0.02816901,0.06451613,0.28033692,0.273657,0.65910128,4,9,0.00088028
20251119,2025-11,300342,allowed_preheat_probe_add,True,False,False,0.00580475,-0.00263852,-0.02744063,0.0,0.26922674,0.56061773,0.37749138,6,7,0.01002639
20251119,2025-11,600118,allowed_preheat_probe_add,True,False,False,-0.0033557,-0.00023969,-0.01581975,0.57894737,0.41689408,0.47592244,0.47749091,6,8,0.0035954
20251119,2025-11,600879,allowed_preheat_probe_add,True,False,True,-0.00185529,-0.00278293,-0.01113173,0.2,0.34845616,0.26225007,0.40801718,3,5,0.00092764
20251119,2025-11,601698,allowed_preheat_probe_add,True,False,False,-0.00191388,0.00143541,-0.00717703,0.68421053,0.35855775,0.38554192,0.37811211,6,5,0.00430622
20251119,2025-11,688066,allowed_preheat_probe_add,False,False,False,0.0045417,0.00330306,-0.01857969,0.60526316,0.21180129,0.53216597,0.31103438,6,6,0.00949628
20251119,2025-11,688523,allowed_preheat_probe_add,False,False,False,0.00185185,0.00037037,-0.02888889,0.14285714,0.27518536,0.41135942,0.5643034,6,8,0.0137037
20251119,2025-11,688568,allowed_preheat_probe_add,False,False,False,0.0052161,0.00149031,-0.00794834,0.22857143,0.31080418,0.41791198,0.57469944,6,8,0.00819672
20251120,2025-11,000738,allowed_preheat_probe_add,False,False,True,-0.00574413,-0.00313316,-0.00992167,0.7,0.42040338,0.34058345,0.48343639,6,6,0.0
20251120,2025-11,002085,allowed_preheat_probe_add,True,False,True,-0.0031506,-0.0063012,-0.01638311,0.33333333,0.36336296,0.08044596,0.49638332,2,6,0.00126024
20251120,2025-11,002465,allowed_preheat_probe_add,True,False,True,-0.00085543,0.00085543,0.00427716,0.71428571,0.27641137,0.2940063,0.37753768,4,5,0.0025663
20251120,2025-11,003009,allowed_preheat_probe_add,False,False,False,-0.00020492,0.00204918,0.0079918,0.64814815,0.37064256,0.41594035,0.54266471,6,8,0.00594262
20251120,2025-11,300045,allowed_preheat_probe_add,False,False,False,0.00678119,-0.00135624,0.00180832,0.0,0.25085199,0.43256165,0.362621,5,7,0.00723327
20251120,2025-11,300342,allowed_preheat_probe_add,True,False,False,0.00053792,-0.00753093,0.00430339,0.17857143,0.20701503,0.15993747,0.63030049,3,9,0.00484131
20251120,2025-11,600118,allowed_preheat_probe_add,False,False,False,0.00606502,0.0,0.00703542,0.29545455,0.28669364,0.45613789,0.44199869,6,7,0.00752062
20251120,2025-11,600879,allowed_preheat_probe_add,True,False,True,-0.00185701,-0.00278552,0.00464253,0.5,0.26720231,0.3458716,0.53058517,5,7,0.00092851
20251120,2025-11,601698,allowed_preheat_probe_add,True,False,False,-0.00287219,-0.00526568,-0.0009574,0.18181818,0.32461851,0.23219787,0.68025387,4,8,0.00335089
20251120,2025-11,688066,allowed_preheat_probe_add,False,False,False,0.00125997,-0.00461991,-0.00965981,0.21212121,0.27239626,0.53672297,0.37760492,6,6,0.00629987
20251120,2025-11,688523,allowed_preheat_probe_add,False,False,False,-0.00269127,-0.00884275,0.00961169,0.42307692,0.240305,0.47458506,0.41605316,6,7,0.00269127
20251120,2025-11,688568,allowed_preheat_probe_add,False,False,False,-0.00695479,-0.00596125,-0.01390959,0.17647059,0.38531508,0.42026995,0.53938917,6,8,0.00099354
20251121,2025-11,000738,allowed_preheat_probe_add,False,True,True,0.0037234,-0.0037234,-0.01968085,0.0,0.30957329,0.36947346,0.50988469,6,7,0.00744681
20251121,2025-11,002085,allowed_preheat_probe_add,True,True,True,0.0078534,0.0026178,-0.0065445,0.40909091,0.39581327,0.40505092,0.35381578,4,6,0.01112565
20251121,2025-11,002465,allowed_preheat_probe_add,True,True,True,-0.00257511,-0.00772532,-0.03090129,0.07692308,0.28233963,0.2558196,0.57357889,4,7,0.00257511
20251121,2025-11,003009,allowed_preheat_probe_add,False,True,False,0.00185261,-0.01090984,-0.0183203,0.03738318,0.37370396,0.11357927,0.81725762,3,10,0.0102923
20251121,2025-11,300342,allowed_preheat_probe_add,False,True,False,0.00491803,-0.00546448,-0.03005464,0.14285714,0.31436736,0.37645418,0.51782889,6,7,0.01092896
20251121,2025-11,600118,allowed_preheat_probe_add,True,True,False,0.00296736,-0.00717112,-0.01285856,0.08536585,0.40376363,0.45126477,0.50799748,5,9,0.01137488
20251121,2025-11,600879,allowed_preheat_probe_add,False,True,True,-0.0018797,-0.0093985,-0.01691729,0.0625,0.41641181,0.23684428,0.66823406,5,8,0.00469925
20251121,2025-11,601698,allowed_preheat_probe_add,False,True,False,0.00048757,-0.0029254,-0.01267674,0.20689655,0.41326932,0.45123981,0.48751229,6,8,0.00828864
20251121,2025-11,688523,allowed_preheat_probe_add,False,True,False,0.00156495,-0.00352113,-0.03325509,0.07142857,0.36487282,0.51365735,0.4555484,6,8,0.03208138
20251121,2025-11,688568,allowed_preheat_probe_add,False,True,False,0.0043038,-0.00329114,-0.00962025,0.28378378,0.50575634,0.55104427,0.42920222,8,6,0.01012658
20251124,2025-11,000738,allowed_preheat_full_add,False,False,True,0.00748663,0.00855615,0.02245989,0.94117647,0.21202782,0.40401585,0.46619325,7,5,0.00909091
20251124,2025-11,002085,allowed_preheat_probe_add,False,False,True,-0.00580645,-0.00645161,-0.00451613,0.26666667,0.46503167,0.40476544,0.3041668,5,5,0.00064516
20251124,2025-11,002465,allowed_preheat_probe_add,False,False,True,0.00784656,0.00174368,0.0418483,0.18518519,0.21146621,0.46077448,0.44597401,5,8,0.02092415
20251124,2025-11,003009,allowed_preheat_full_add,False,False,False,0.02520341,0.02103592,0.09347093,0.65030675,0.22417032,0.67523401,0.30070671,9,5,0.03234769
20251124,2025-11,300045,allowed_preheat_probe_add,False,False,False,0.00778032,-0.00640732,0.00091533,0.06521739,0.52631459,0.49429815,0.47864278,8,6,0.01327231
20251124,2025-11,600118,allowed_preheat_probe_add,False,False,False,0.01525591,-0.00098425,0.01968504,0.17647059,0.36824487,0.3492486,0.47758845,4,9,0.01624016
20251124,2025-11,600879,allowed_preheat_probe_add,False,False,True,0.00759734,0.0,0.01614435,0.1,0.29604431,0.37893683,0.37402455,4,7,0.00854701
20251124,2025-11,601698,allowed_preheat_probe_add,False,False,False,-0.00485437,-0.01359223,-0.00291262,0.05882353,0.41872802,0.25600113,0.69508684,5,9,0.00194175
20251124,2025-11,688066,allowed_preheat_probe_add,False,False,False,0.01645022,0.0047619,0.01515152,0.53333333,0.44472341,0.49166082,0.5017771,7,7,0.01991342
20251124,2025-11,688523,allowed_preheat_full_add,False,False,False,0.07199367,0.11708861,0.17761076,0.80952381,0.57128923,0.8504783,0.12243494,10,3,0.1471519
20251124,2025-11,688568,allowed_preheat_probe_add,False,False,False,-0.00586081,-0.01147741,0.001221,0.01612903,0.36812177,0.28733234,0.63173006,4,9,0.0034188
20251125,2025-11,000738,allowed_preheat_probe_add,False,False,True,-0.00569358,-0.00258799,-0.00362319,0.53333333,0.44409196,0.26458142,0.35169701,6,4,0.0010352
20251125,2025-11,002085,allowed_preheat_full_add,False,False,True,0.00897436,0.01217949,0.01217949,0.79166667,0.57336013,0.50773755,0.33149951,6,6,0.01538462
20251125,2025-11,002465,allowed_preheat_probe_add,False,False,True,-0.0075,0.00333333,0.00583333,0.93333333,0.50283825,0.45664701,0.49798045,9,5,0.00416667
20251125,2025-11,003009,allowed_preheat_full_add,False,False,False,0.01322703,0.0186628,0.00960319,0.63975155,0.59999059,0.48000637,0.46029698,6,8,0.02917195
20251125,2025-11,300045,allowed_preheat_full_add,False,False,False,-0.00697472,0.00915432,0.02048823,1.0,0.3876822,0.52993868,0.42936603,9,5,0.00915432
20251125,2025-11,300342,allowed_preheat_full_add,False,False,False,-0.00166667,0.02388889,0.03277778,0.96666667,0.30930928,0.66652212,0.18621639,8,3,0.025
20251125,2025-11,600118,allowed_preheat_full_add,False,False,False,-0.00095034,0.01116655,0.03349964,0.98571429,0.3282266,0.5293156,0.38596302,8,5,0.01140413
20251125,2025-11,600879,allowed_preheat_probe_add,False,False,True,-0.02181818,-0.01090909,-0.00545455,0.5,0.48266242,0.25139751,0.57504764,6,7,0.0
20251125,2025-11,601698,allowed_preheat_probe_add,False,False,False,-0.00576369,0.00432277,0.01152738,0.88461538,0.30249368,0.4339294,0.46385801,7,6,0.00576369
20251125,2025-11,688066,allowed_preheat_full_add,False,False,False,0.00794314,0.03302676,0.05643813,1.0,0.29670631,0.67196104,0.30810008,9,5,0.03302676
20251125,2025-11,688523,allowed_preheat_full_add,False,False,False,0.0067007,0.06828334,0.035418,0.88339223,0.67268784,0.71740103,0.22684507,11,3,0.07881302
20251125,2025-11,688568,allowed_preheat_full_add,False,False,False,-0.00869775,0.00676492,0.01377144,0.8372093,0.33582687,0.57842801,0.34280405,8,5,0.01014738
20251126,2025-11,000738,allowed_preheat_probe_add,False,False,True,-0.01596292,-0.01184346,-0.01956746,0.3030303,0.3004196,0.24163358,0.60347841,4,7,0.0
20251126,2025-11,002085,allowed_preheat_full_add,False,False,True,-0.00320307,0.01857783,0.01473414,0.88095238,0.47915595,0.53179439,0.37267956,7,6,0.02178091
20251126,2025-11,002465,allowed_preheat_probe_add,False,False,True,-0.00989283,0.0008244,-0.01648805,0.76470588,0.36106007,0.50207521,0.28946335,7,3,0.00412201
20251126,2025-11,003009,allowed_preheat_probe_add,False,False,False,-0.02200358,-0.01216458,-0.03398927,0.38502674,0.47187864,0.3973323,0.54129806,6,8,0.00840787
20251126,2025-11,600879,allowed_preheat_probe_add,False,False,True,-0.01909091,-0.00545455,-0.02,0.61538462,0.47981974,0.34975571,0.47195594,6,6,0.00363636
20251126,2025-11,601698,allowed_preheat_probe_add,False,False,False,-0.01095238,-0.00904762,-0.01952381,0.21052632,0.38726278,0.19078186,0.67504897,5,7,0.0052381
20251126,2025-11,688066,allowed_preheat_full_add,False,False,False,0.01769231,0.02807692,-0.00846154,0.78125,0.59703909,0.64625691,0.30490599,9,5,0.03615385
20251126,2025-11,688568,allowed_preheat_probe_add,False,False,False,-0.00526316,-0.00287081,-0.01626794,0.43103448,0.47349063,0.47582492,0.43069583,6,7,0.00502392
20251127,2025-11,000738,allowed_preheat_probe_add,False,False,True,0.00266525,0.00319829,0.0021322,0.63636364,0.36534262,0.24237927,0.53517146,4,7,0.00533049
20251127,2025-11,002085,allowed_preheat_full_add,False,False,True,0.01388013,0.01766562,0.00694006,0.8,0.61838012,0.61825102,0.28700206,7,5,0.02208202
20251127,2025-11,002465,allowed_preheat_probe_add,False,False,True,-0.00591716,-0.00084531,0.00422654,0.81818182,0.40642877,0.3122793,0.58083607,7,6,0.00084531
20251127,2025-11,003009,allowed_preheat_full_add,False,False,False,-0.00475828,0.00685192,0.00513894,0.89130435,0.56318032,0.32374438,0.55422852,6,7,0.00875523
20251127,2025-11,300045,allowed_preheat_probe_add,False,False,False,-0.00881262,-0.00231911,0.00092764,0.41666667,0.55176932,0.28590907,0.65419083,7,7,0.0106679
20251127,2025-11,300342,allowed_preheat_full_add,False,False,False,-0.01046832,0.00716253,0.00716253,0.83333333,0.54627696,0.35315959,0.53002626,7,5,0.01101928
20251127,2025-11,600118,allowed_preheat_full_add,False,False,False,-0.00778021,0.00826647,0.00826647,0.94366197,0.4530707,0.34170755,0.62253625,6,8,0.009239
20251127,2025-11,600879,allowed_preheat_probe_add,False,False,True,-0.01136364,-0.00757576,-0.00568182,0.5,0.56816683,0.23908755,0.65322169,5,7,0.0
20251127,2025-11,601698,allowed_preheat_probe_add,False,False,False,-0.0019656,0.004914,0.004914,0.88235294,0.44820781,0.44714258,0.41192956,8,5,0.00589681
20251127,2025-11,688066,allowed_preheat_probe_add,False,False,False,-0.01430843,0.00317965,0.01351351,0.82539683,0.49268479,0.43336774,0.52293359,8,6,0.00755167
20251127,2025-11,688523,allowed_preheat_probe_add,False,False,False,-0.03876458,-0.01103057,-0.02332178,0.65986395,0.60275306,0.55670105,0.3704247,10,4,0.00472739
20251127,2025-11,688568,allowed_preheat_probe_add,False,False,False,-0.0054001,0.00319097,0.00196367,0.88311688,0.49428164,0.42017167,0.55122932,7,7,0.0054001
20251128,2025-11,000738,allowed_preheat_probe_add,False,False,True,-0.00053248,-0.00372737,-0.00266241,0.17647059,0.32217652,0.37567906,0.43487805,5,7,0.00372737
20251128,2025-11,002085,allowed_preheat_probe_add,False,False,True,-0.00935162,-0.00872818,0.00124688,0.35714286,0.38519167,0.19001646,0.55826918,3,8,0.00249377
20251128,2025-11,002465,allowed_preheat_full_add,False,False,True,0.00673401,0.00589226,0.01515152,0.61538462,0.28078702,0.25112936,0.58686333,5,7,0.01010101
20251128,2025-11,003009,allowed_preheat_probe_add,False,False,False,0.01606492,-0.00049685,-0.02567075,0.31034483,0.66976429,0.42221985,0.47369801,5,8,0.04256376
20251128,2025-11,300045,allowed_preheat_probe_add,False,False,False,0.05222171,0.03893724,0.04168575,0.5862069,0.68997803,0.69143675,0.30064387,6,8,0.06642235
20251128,2025-11,300342,allowed_preheat_probe_add,False,False,False,0.04635056,0.0319659,0.04581779,0.50847458,0.5299434,0.56380134,0.42534292,6,8,0.06286628
20251128,2025-11,600118,allowed_preheat_full_add,False,False,False,0.0087657,0.01824212,0.02463871,0.97560976,0.43292896,0.64956466,0.29188482,9,4,0.01871594
20251128,2025-11,600879,allowed_preheat_full_add,False,False,True,0.01498127,0.01685393,0.02996255,0.80769231,0.30742766,0.63157389,0.34787836,8,6,0.02153558
20251128,2025-11,601698,allowed_preheat_full_add,False,False,False,0.0073278,0.00537372,0.00879336,0.66666667,0.32156358,0.4578483,0.34721888,6,5,0.0097704
20251128,2025-11,688066,allowed_preheat_probe_add,False,False,False,0.03984962,0.02969925,0.04699248,0.52317881,0.43606348,0.58641355,0.38294535,8,6,0.05676692
20251128,2025-11,688523,allowed_preheat_full_add,True,False,False,0.01944444,0.06419753,0.08580247,0.84242424,0.42935568,0.49662186,0.48578724,7,7,0.08024691
20251128,2025-11,688568,allowed_preheat_full_add,False,False,False,0.01546267,0.02053636,0.03309978,0.70247934,0.3416613,0.70122651,0.25483072,9,5,0.02923411
20251201,2025-12,000738,allowed_preheat_probe_add,False,False,True,0.0005291,0.0026455,0.0026455,0.47368421,0.45762029,0.39144791,0.58299871,8,6,0.00793651
20251201,2025-12,002085,allowed_preheat_probe_add,False,False,True,-0.00123916,0.00061958,-0.00247831,0.76923077,0.42899594,0.48804563,0.2667141,6,5,0.00247831
20251201,2025-12,002465,allowed_preheat_full_add,False,False,True,0.0049505,0.00907591,0.00577558,0.83333333,0.46567241,0.57418498,0.22716225,6,5,0.01155116
20251201,2025-12,003009,allowed_preheat_probe_add,False,False,False,0.01194228,0.01625477,0.02089899,0.57309942,0.45426048,0.49152264,0.4197058,7,7,0.02836291
20251201,2025-12,300045,allowed_preheat_full_add,False,False,False,0.0,0.02401747,0.02183406,0.93506494,0.40385016,0.66779129,0.30928195,8,6,0.02620087
20251201,2025-12,300342,allowed_preheat_full_add,False,False,False,0.00666325,0.02460277,0.01896463,0.96428571,0.45014471,0.48602382,0.46680192,8,6,0.02562788
20251201,2025-12,600118,allowed_preheat_full_add,False,False,False,0.00662252,0.00525234,-0.00662252,0.67777778,0.45817757,0.41934732,0.52046523,7,7,0.01187486
20251201,2025-12,600879,allowed_preheat_full_add,False,False,True,0.00977778,0.01422222,0.00355556,0.72222222,0.54317715,0.43672811,0.42209555,6,6,0.02311111
20251201,2025-12,601698,allowed_preheat_full_add,False,False,False,0.00952381,0.02190476,0.01190476,0.97916667,0.54003828,0.76449938,0.15052767,10,3,0.02238095
20251201,2025-12,688066,allowed_preheat_full_add,False,False,False,0.02989428,0.05760117,0.06379876,0.92,0.39602696,0.6624517,0.31547277,9,5,0.06270507
20251201,2025-12,688523,allowed_preheat_full_add,False,False,False,0.08710526,0.10394737,0.11947368,0.99246231,0.60656169,0.76446474,0.16607335,11,3,0.10473684
20251201,2025-12,688568,allowed_preheat_full_add,True,False,False,0.02095672,0.02300683,0.01252847,0.69178082,0.48707521,0.63278638,0.30564985,8,6,0.0332574
20251202,2025-12,000738,allowed_preheat_probe_add,False,False,True,-0.00211528,-0.00528821,-0.00105764,0.14285714,0.41258144,0.17701676,0.56279608,2,7,0.00105764
20251202,2025-12,002085,allowed_preheat_probe_add,False,False,True,-0.00743494,-0.00557621,-0.00805452,0.30769231,0.41854184,0.31112146,0.47628994,5,5,0.0
20251202,2025-12,002465,allowed_preheat_probe_add,False,False,True,-0.00327869,-0.00655738,-0.00081967,0.15384615,0.43008228,0.29319786,0.55052843,4,8,0.00245902
20251202,2025-12,003009,allowed_preheat_probe_add,False,False,False,0.01148637,-0.01131493,0.05006,0.0,0.47165068,0.21166645,0.70602875,3,11,0.02108692
20251202,2025-12,300045,allowed_preheat_probe_add,False,False,False,-0.0025974,-0.01082251,0.0008658,0.08333333,0.5048287,0.49802856,0.47003669,7,7,0.00822511
20251202,2025-12,300342,allowed_preheat_probe_add,False,False,False,0.00763747,0.00101833,0.01782077,0.16216216,0.43504662,0.56113639,0.38507152,7,7,0.01680244
20251202,2025-12,600118,allowed_preheat_probe_add,False,False,False,-0.00629371,-0.01142191,0.0011655,0.20987654,0.51689481,0.28700194,0.67697768,4,10,0.0034965
20251202,2025-12,600879,allowed_preheat_probe_add,False,False,True,0.00178571,0.00267857,0.03303571,0.22222222,0.30690125,0.31117916,0.58150117,5,7,0.01517857
20251202,2025-12,601698,allowed_preheat_probe_add,False,False,False,-0.00047214,-0.00566572,0.00188857,0.2,0.55834299,0.26628317,0.6222089,5,7,0.00566572
20251202,2025-12,688568,allowed_preheat_full_add,True,False,False,0.00022722,0.01226994,0.01454215,0.88617886,0.45801321,0.42080838,0.53143201,6,8,0.01545103
20251203,2025-12,000738,allowed_preheat_probe_add,False,False,True,-0.00212993,-0.00798722,-0.01064963,0.05263158,0.46268044,0.396817,0.40989269,3,8,0.00159744
20251203,2025-12,002085,allowed_preheat_probe_add,False,False,True,-0.00062267,-0.00684932,-0.01618929,0.16666667,0.31369746,0.4098646,0.44550416,5,7,0.00249066
20251203,2025-12,002465,allowed_preheat_probe_add,False,False,True,-0.00729335,-0.01215559,-0.02188006,0.16666667,0.36431796,0.14244703,0.70836609,3,9,0.0
20251203,2025-12,688523,allowed_preheat_probe_add,False,False,False,0.00416341,-0.00338277,-0.02992454,0.29370629,0.47247774,0.34094509,0.61549685,6,8,0.02289878
20251203,2025-12,688568,allowed_preheat_probe_add,False,False,False,-0.00558659,-0.01407821,-0.02592179,0.0,0.34961639,0.48079631,0.41462198,7,5,0.00290503
20251204,2025-12,000738,allowed_preheat_probe_add,True,False,True,0.00431732,0.00377766,0.0156503,0.46666667,0.16209446,0.66941804,0.19191873,8,4,0.00809498
20251204,2025-12,002085,allowed_preheat_probe_add,False,False,True,0.001287,-0.00514801,-0.0045045,0.04545455,0.34244986,0.28604238,0.42967438,2,8,0.00836551
20251204,2025-12,002465,allowed_preheat_probe_add,False,False,True,0.01415487,0.00832639,0.01498751,0.5,0.28084508,0.54784427,0.25325327,6,4,0.01665279
20251204,2025-12,003009,allowed_preheat_probe_add,False,False,False,0.01655172,0.01137931,0.03206897,0.42331288,0.47812605,0.58413983,0.32776882,8,5,0.02758621
20251204,2025-12,300045,allowed_preheat_probe_add,False,False,False,0.00909918,-0.00864422,0.01273885,0.02040816,0.27081561,0.49546115,0.43432307,7,6,0.01319381
20251204,2025-12,300342,allowed_preheat_probe_add,True,False,False,0.01946721,0.00922131,0.06147541,0.33898305,0.19475195,0.53671049,0.37688961,6,8,0.02920082
20251204,2025-12,600118,allowed_preheat_full_add,False,False,False,0.01903367,0.01732552,0.09126403,0.60683761,0.11557207,0.44893867,0.48395311,7,7,0.02855051
20251204,2025-12,600879,allowed_preheat_full_add,False,False,True,0.07053571,0.06607143,0.11339286,0.83333333,0.35741958,0.60271901,0.38844577,8,6,0.08035714
20251204,2025-12,601698,allowed_preheat_probe_add,False,False,False,0.01218324,0.00974659,0.03898635,0.6,0.10266621,0.44075311,0.46627807,6,7,0.0165692
20251204,2025-12,688066,allowed_preheat_probe_add,True,False,False,-0.00219298,-0.0003655,0.0372807,0.50515464,0.29009978,0.44569855,0.49439845,6,8,0.01717836
20251204,2025-12,688523,allowed_preheat_full_add,False,False,False,0.11405836,0.09708223,0.1801061,0.69056604,0.44516026,0.6684514,0.27608085,8,5,0.14058355
20251204,2025-12,688568,allowed_preheat_full_add,False,False,False,0.00599078,0.00599078,0.01797235,0.66666667,0.23849877,0.50436818,0.4067413,7,6,0.01036866
20251205,2025-12,000738,allowed_preheat_probe_add,False,False,True,-0.00748263,-0.00641368,0.00267237,0.4,0.29382599,0.31943325,0.55622463,6,6,0.0
20251205,2025-12,002085,allowed_preheat_probe_add,False,False,True,-0.00322997,-0.00193798,0.00710594,0.7,0.2410672,0.37074074,0.45839018,6,6,0.0
20251205,2025-12,002465,allowed_preheat_probe_add,False,False,True,-0.00892133,-0.00405515,-0.00162206,0.625,0.36230128,0.28053215,0.43676279,5,6,0.00081103
20251205,2025-12,003009,allowed_preheat_full_add,False,False,False,-0.00218855,0.03350168,0.02255892,0.82229965,0.41341262,0.47478374,0.49533258,7,7,0.04208754
20251205,2025-12,300045,allowed_preheat_full_add,False,False,False,0.00927152,0.01633554,0.02339956,0.7,0.42696729,0.46194741,0.52288671,7,7,0.02560706
20251205,2025-12,300342,allowed_preheat_probe_add,True,False,False,-0.0196926,-0.00576369,-0.01777137,0.72580645,0.47108165,0.48010352,0.36661494,8,5,0.00240154
20251205,2025-12,600118,allowed_preheat_full_add,False,False,False,-0.0119125,0.00823045,0.01927659,0.69863014,0.45911542,0.46749479,0.36930986,7,5,0.01776045
20251205,2025-12,600879,allowed_preheat_full_add,True,False,True,-0.00249792,0.00999167,0.01332223,0.75,0.44667457,0.57956704,0.31244105,8,5,0.01498751
20251205,2025-12,601698,allowed_preheat_probe_add,True,False,False,-0.00422535,0.00422535,0.01643192,0.64864865,0.33995373,0.51100172,0.29407203,8,4,0.01032864
20251205,2025-12,688066,allowed_preheat_full_add,True,False,False,-0.00472727,0.012,0.03163636,0.72727273,0.33333263,0.38469241,0.5802835,6,8,0.01963636
20251205,2025-12,688568,allowed_preheat_full_add,False,False,False,0.00386539,0.01568895,0.01591633,0.75652174,0.2815551,0.38756411,0.48129951,5,7,0.02205548
20251208,2025-12,000738,allowed_preheat_full_add,False,False,True,0.00939948,0.0078329,0.01044386,0.65217391,0.4535211,0.63967884,0.22041091,8,3,0.01201044
20251208,2025-12,002085,allowed_preheat_full_add,False,False,True,0.00440252,0.00566038,0.00188679,0.69230769,0.43611579,0.65144717,0.29843008,8,5,0.0081761
20251208,2025-12,002465,allowed_preheat_full_add,True,False,True,-0.00311526,0.00778816,0.00856698,0.95652174,0.45512813,0.54764788,0.35938852,9,4,0.00856698
20251208,2025-12,003009,allowed_preheat_probe_add,True,False,False,-0.0034375,0.004375,0.00703125,0.83636364,0.43251654,0.33921567,0.59974308,6,8,0.00859375
20251208,2025-12,300045,allowed_preheat_full_add,False,False,False,0.01121262,0.02159468,0.02284053,0.86666667,0.43839793,0.56127587,0.36398734,8,5,0.02491694
20251208,2025-12,300342,allowed_preheat_full_add,False,False,False,0.0959596,0.10009183,0.05555556,0.86153846,0.60294079,0.68531828,0.27243321,9,5,0.11662075
20251208,2025-12,600118,allowed_preheat_full_add,False,False,False,0.01189516,0.01754032,0.04616935,0.97905759,0.46858177,0.34408237,0.59670611,6,8,0.01834677
20251208,2025-12,600879,allowed_preheat_full_add,True,False,True,0.01466049,0.03395062,0.05401235,0.92307692,0.39236724,0.50715662,0.44678962,7,7,0.03780864
20251208,2025-12,601698,allowed_preheat_full_add,True,False,False,0.01390135,0.01928251,0.02197309,0.90740741,0.41556412,0.65742296,0.30740322,9,5,0.02152466
20251208,2025-12,688066,allowed_preheat_full_add,False,False,False,0.02124743,0.03735435,0.01336532,0.97321429,0.43524501,0.62120189,0.33082756,9,5,0.03838245
20251208,2025-12,688523,allowed_preheat_full_add,True,False,False,-0.00958904,0.0152968,0.0,0.99541284,0.39430519,0.36352688,0.53020514,6,7,0.01552511
20251208,2025-12,688568,allowed_preheat_full_add,False,False,False,0.01895425,0.02265795,0.01721133,0.95488722,0.48559406,0.58556983,0.38508372,9,5,0.02396514
20251209,2025-12,000738,allowed_preheat_full_add,False,False,True,0.00211416,0.01004228,0.00369979,0.82608696,0.41545198,0.50586722,0.28438739,8,4,0.01215645
20251209,2025-12,002085,allowed_preheat_probe_add,False,False,True,-0.00063412,0.00317058,-0.00063412,0.90909091,0.32551711,0.34585071,0.52966147,5,7,0.00380469
20251209,2025-12,002465,allowed_preheat_full_add,False,False,True,0.00318218,0.00875099,-0.0071599,0.76470588,0.41858079,0.51625425,0.34554956,7,5,0.01193317
20251209,2025-12,003009,allowed_preheat_probe_add,False,False,False,0.0168691,0.01990553,0.00219298,0.52212389,0.4809477,0.3405223,0.60792136,4,10,0.03812416
20251209,2025-12,300045,allowed_preheat_full_add,True,False,False,0.00417362,0.02170284,0.0033389,0.85897436,0.4764651,0.68165808,0.2788585,9,5,0.02629382
20251209,2025-12,300342,allowed_preheat_full_add,False,False,False,0.01520572,0.03354204,0.00223614,0.72115385,0.59695813,0.51002996,0.42310397,7,7,0.04651163
20251209,2025-12,600118,allowed_preheat_full_add,True,False,False,0.00641158,0.01716649,-0.00496381,0.68595041,0.4172868,0.48274804,0.39990583,7,7,0.02502585
20251209,2025-12,600879,allowed_preheat_full_add,False,False,True,0.02076923,0.02769231,0.0,0.72,0.49376782,0.43576253,0.30404234,7,5,0.03846154
20251209,2025-12,601698,allowed_preheat_full_add,False,False,False,0.00637233,0.01319982,-0.00500683,0.77777778,0.45125058,0.46016323,0.45005283,7,7,0.01775148
20251209,2025-12,688066,allowed_preheat_probe_add,False,False,False,0.04168114,0.0267454,-0.0097256,0.42307692,0.66124571,0.47185982,0.20903298,6,6,0.06321639
20251209,2025-12,688523,allowed_preheat_full_add,False,False,False,0.02395062,0.03209877,0.00197531,0.65656566,0.40196097,0.45745873,0.44887132,7,7,0.04888889
20251209,2025-12,688568,allowed_preheat_probe_add,False,False,False,0.00155659,0.0,-0.01912386,0.43055556,0.38382869,0.64312567,0.3059372,8,6,0.00911719
20251210,2025-12,000738,allowed_preheat_full_add,False,False,True,0.00263158,0.01315789,0.01947368,0.83333333,0.23299258,0.65209723,0.27968542,7,5,0.01578947
20251210,2025-12,002085,allowed_preheat_probe_add,False,False,True,-0.00578406,-0.00257069,0.00449871,0.58333333,0.37211854,0.36445344,0.4709132,6,5,0.00064267
20251210,2025-12,002465,allowed_preheat_probe_add,True,False,True,-0.00464037,-0.00386698,0.00386698,0.26315789,0.47628804,0.47247048,0.34548061,5,6,0.00696056
20251210,2025-12,003009,allowed_preheat_probe_add,False,False,False,0.01088,0.00128,0.00976,0.33142857,0.34424928,0.3835199,0.57594033,5,9,0.02
20251210,2025-12,300045,allowed_preheat_probe_add,False,False,False,-0.00246914,-0.00205761,0.0037037,0.22727273,0.45694906,0.40477643,0.56816504,6,8,0.01893004
20251210,2025-12,300342,allowed_preheat_probe_add,False,False,False,0.01227273,0.02045455,0.035,0.41284404,0.4010498,0.39100914,0.52598789,5,8,0.04954545
20251210,2025-12,600118,allowed_preheat_probe_add,False,False,False,0.00333333,0.003125,0.05583333,0.24822695,0.26040891,0.36310671,0.59097362,5,9,0.02520833
20251210,2025-12,600879,allowed_preheat_probe_add,True,False,True,0.00992366,0.00839695,0.03358779,0.28205128,0.29206867,0.41063807,0.51015109,6,7,0.02977099
20251210,2025-12,601698,allowed_preheat_probe_add,False,False,False,-0.0036513,-0.00456413,0.01369238,0.15555556,0.35683344,0.36169526,0.52917629,5,8,0.01277955
20251210,2025-12,688066,allowed_preheat_probe_add,False,False,False,-0.00536097,-0.00536097,0.0192995,0.38271605,0.45736678,0.53918916,0.37701267,7,6,0.01250893
20251210,2025-12,688523,allowed_preheat_probe_add,False,False,False,0.01048689,0.01972534,0.02222222,0.57446809,0.38506554,0.45335783,0.49848203,8,6,0.03470662
20251210,2025-12,688568,allowed_preheat_probe_add,False,False,False,0.02386795,0.02386795,0.04438992,0.58737864,0.40279823,0.43185488,0.48921255,6,7,0.04282846
20251211,2025-12,000738,allowed_preheat_full_add,False,False,True,0.00103199,0.00567595,-0.00257998,0.82608696,0.47099922,0.64026995,0.2076445,9,4,0.00773994
20251211,2025-12,002085,allowed_preheat_probe_add,False,False,True,-0.00317662,0.00127065,-0.00190597,0.8,0.38967706,0.4621514,0.22923082,7,4,0.00317662
20251211,2025-12,002465,allowed_preheat_full_add,False,False,True,0.01654135,0.03082707,0.00676692,0.70689655,0.61896362,0.64829041,0.27222007,7,5,0.04360902
20251211,2025-12,300045,allowed_preheat_full_add,False,False,False,-0.00361736,0.00522508,0.00482315,0.88709677,0.39747403,0.53846226,0.38662088,7,6,0.00803859
20251211,2025-12,300342,allowed_preheat_full_add,True,False,False,0.00263505,0.01493193,0.0153711,0.93975904,0.44155983,0.5545475,0.37501393,8,5,0.0171278
20251211,2025-12,600118,allowed_preheat_full_add,False,False,False,0.01771117,0.04437524,0.02666407,0.76586433,0.57222186,0.60416568,0.25420691,8,5,0.06520047
20251211,2025-12,600879,allowed_preheat_full_add,False,False,True,-0.01098901,0.00512821,0.01978022,0.62962963,0.46866033,0.42545981,0.52830859,6,8,0.01978022
20251211,2025-12,601698,allowed_preheat_full_add,False,False,False,0.00473526,0.01420577,0.00817908,0.63793103,0.58407051,0.52657454,0.44190489,7,7,0.03228584
20251211,2025-12,688066,allowed_preheat_probe_add,False,False,False,-0.01149826,0.00313589,-0.0087108,0.72222222,0.47257562,0.43900268,0.46469702,7,6,0.01184669
20251211,2025-12,688568,allowed_preheat_probe_add,False,False,False,-0.00318066,0.00296862,0.00318066,0.76190476,0.44768606,0.49465681,0.46608044,7,7,0.00826972
20251212,2025-12,000738,allowed_preheat_probe_add,False,False,True,0.00259202,0.00362882,0.00984966,0.69565217,0.25192542,0.54833002,0.3122208,7,5,0.00725765
20251212,2025-12,002085,allowed_preheat_probe_add,False,False,True,0.0,-0.00192802,0.00578406,0.38461538,0.32150643,0.53850888,0.37938919,6,7,0.00321337
20251212,2025-12,002465,allowed_preheat_probe_add,False,False,True,0.00073529,-0.00955882,-0.00955882,0.30952381,0.67899048,0.44142637,0.37175658,5,7,0.01176471
20251212,2025-12,003009,allowed_preheat_probe_add,False,False,False,0.00048364,-0.01064001,0.00967274,0.25531915,0.48338105,0.39708125,0.58386181,7,7,0.00628728
20251212,2025-12,300045,allowed_preheat_probe_add,False,False,False,0.0122499,0.00489996,0.01265823,0.37878788,0.50696872,0.54733919,0.41374571,8,6,0.02164149
20251212,2025-12,300342,allowed_preheat_probe_add,False,False,False,0.07284483,0.04913793,0.06767241,0.57407407,0.54222333,0.64004836,0.33561854,8,6,0.0887931
20251212,2025-12,600118,allowed_preheat_probe_add,False,False,False,0.00323194,-0.01026616,0.02661597,0.025,0.40055579,0.44925018,0.50382694,6,8,0.01939163
20251212,2025-12,600879,allowed_preheat_probe_add,False,False,True,0.00724638,-0.00724638,0.0615942,0.25,0.25835199,0.55438144,0.40341549,7,7,0.01231884
20251212,2025-12,601698,allowed_preheat_probe_add,False,False,False,-0.00043122,-0.00689953,0.00948685,0.18518519,0.38916046,0.43122232,0.48196728,6,7,0.01207417
20251212,2025-12,688066,allowed_preheat_probe_add,False,False,False,0.01811847,-0.00278746,0.01393728,0.14492754,0.42398109,0.27359838,0.63397773,5,8,0.03832753
20251212,2025-12,688523,allowed_preheat_probe_add,False,False,False,0.09923664,0.0610687,0.10610687,0.59405941,0.58235886,0.7425817,0.24859156,9,5,0.10279898
20251212,2025-12,688568,allowed_preheat_probe_add,False,False,False,0.01286106,-0.01054185,0.00463841,0.03846154,0.40021309,0.50763062,0.46689181,6,8,0.01581278
20251215,2025-12,000738,allowed_preheat_probe_add,False,False,True,0.00566135,-0.00566135,0.00463201,0.2972973,0.5737661,0.31599193,0.51619105,6,6,0.00772002
20251215,2025-12,002085,allowed_preheat_probe_add,False,False,True,-0.00191693,-0.00319489,-0.00447284,0.42857143,0.53365174,0.33951695,0.43253043,6,5,0.00191693
20251215,2025-12,003009,allowed_preheat_probe_add,False,False,False,0.00833333,-0.00333333,0.02,0.55696203,0.5266957,0.27467208,0.69889321,5,9,0.01416667
20251215,2025-12,300045,allowed_preheat_full_add,False,False,False,0.01334445,0.01125938,0.02835696,0.9,0.42643688,0.51038339,0.46245644,7,7,0.01376147
20251215,2025-12,300342,allowed_preheat_probe_add,False,False,False,0.01791667,-0.00625,0.01958333,0.52258065,0.55557881,0.3366878,0.57730268,5,8,0.02458333
20251215,2025-12,600118,allowed_preheat_full_add,False,False,False,0.01360153,0.02164751,0.0454023,0.92165899,0.32188599,0.58063428,0.38631801,8,6,0.02490421
20251215,2025-12,600879,allowed_preheat_full_add,False,False,True,0.03082192,0.02260274,0.0739726,0.68831169,0.45230495,0.48092188,0.46464338,7,7,0.0390411
20251215,2025-12,601698,allowed_preheat_full_add,False,False,False,0.02064119,0.02064119,0.02722881,0.94,0.34010189,0.61380752,0.34436132,8,6,0.02195872
20251215,2025-12,688066,allowed_preheat_full_add,False,False,False,0.02714286,0.01785714,0.06821429,0.65277778,0.28482125,0.38198117,0.51791679,6,7,0.03571429
20251215,2025-12,688523,allowed_preheat_probe_add,False,False,False,0.00651163,0.00232558,-0.00651163,0.77456647,0.53105501,0.61611185,0.25573244,9,4,0.01139535
20251215,2025-12,688568,allowed_preheat_probe_add,False,False,False,0.01751794,0.00590967,0.02870409,0.48507463,0.34514933,0.62349292,0.34319559,9,5,0.02047277
20251216,2025-12,300342,allowed_preheat_full_add,False,False,False,-0.03150912,0.09079602,0.06177446,0.94842407,0.63023854,0.63679883,0.34063039,8,6,0.09825871
20251216,2025-12,600879,allowed_preheat_probe_add,False,False,True,-0.02241066,-0.01332526,0.04542701,0.54022989,0.50586882,0.55668712,0.34565923,8,6,0.01090248
20251216,2025-12,601698,allowed_preheat_probe_add,False,False,False,-0.01447368,-0.00657895,-0.00526316,0.67346939,0.50300022,0.4726129,0.50337056,8,6,0.0004386
20251217,2025-12,000738,allowed_preheat_probe_add,False,True,True,0.01174068,-0.00153139,-0.0245023,0.17647059,0.35646585,0.30693355,0.55804674,6,7,0.01276161
20251217,2025-12,002085,allowed_preheat_probe_add,False,True,True,0.00201207,0.00268276,-0.01140174,0.53333333,0.28735736,0.54745251,0.27510906,7,5,0.0073776
20251217,2025-12,002465,allowed_preheat_probe_add,False,True,True,0.00692308,-0.00230769,-0.02076923,0.2173913,0.28579279,0.4639426,0.30821223,6,5,0.01153846
20251217,2025-12,300045,allowed_preheat_probe_add,False,True,False,0.0203666,0.00692464,-0.01181263,0.38043478,0.37718332,0.61554785,0.34995112,7,7,0.03014257
20251217,2025-12,300342,allowed_preheat_probe_add,False,True,False,0.06511628,0.01550388,-0.00193798,0.18181818,0.61014089,0.43142968,0.50326693,4,10,0.08527132
20251217,2025-12,600118,allowed_preheat_probe_add,False,True,False,0.02735849,0.00716981,-0.01433962,0.30569948,0.38643452,0.66351347,0.26661918,9,5,0.03245283
20251217,2025-12,600879,allowed_preheat_probe_add,False,True,True,-0.00225225,-0.01013514,-0.05461712,0.71428571,0.56427258,0.34027852,0.57383719,5,9,0.00225225
20251217,2025-12,601698,allowed_preheat_probe_add,False,True,False,0.01506276,0.00167364,0.02887029,0.23611111,0.30495825,0.34352216,0.3819751,6,7,0.02468619
20251217,2025-12,688066,allowed_preheat_probe_add,True,True,False,0.01226551,-0.00829726,-0.0494228,0.1372549,0.33013661,0.47328443,0.50518566,6,8,0.02344877
20251217,2025-12,688523,allowed_preheat_probe_add,False,True,False,0.00025132,-0.01432521,-0.02915305,0.03521127,0.44704728,0.53782074,0.41391562,6,8,0.02010555
20251217,2025-12,688568,allowed_preheat_probe_add,False,True,False,0.01393189,0.00663423,-0.01304732,0.35714286,0.32153625,0.51350314,0.41558398,7,6,0.01857585
20251218,2025-12,000738,allowed_preheat_probe_add,True,True,True,0.00155844,0.00727273,0.0161039,0.56666667,0.31276485,0.56163038,0.3211385,8,5,0.01402597
20251218,2025-12,002085,allowed_preheat_full_add,False,True,True,0.0,0.00604027,0.01275168,0.66666667,0.43133736,0.62929223,0.23203888,7,5,0.01006711
20251218,2025-12,002465,allowed_preheat_full_add,False,True,True,-0.00078802,0.01260835,0.04334121,0.6875,0.27242633,0.59620177,0.32499876,8,5,0.02048857
20251218,2025-12,003009,allowed_preheat_full_add,False,True,False,0.01032525,0.01497161,0.02546894,0.70103093,0.48210492,0.59874347,0.36767923,8,6,0.02495268
20251218,2025-12,300045,allowed_preheat_full_add,False,True,False,0.00784476,0.02188274,0.05615194,0.67032967,0.26214072,0.56889298,0.41850169,8,6,0.0342692
20251218,2025-12,300342,allowed_preheat_full_add,False,True,False,0.04153605,0.13283699,0.18338558,0.89920424,0.56246519,0.67550906,0.22222275,9,4,0.14772727
20251218,2025-12,600118,allowed_preheat_full_add,False,True,False,0.00683242,0.02505219,0.04213323,0.69777778,0.39846711,0.66066119,0.31966389,9,5,0.03795787
20251218,2025-12,600879,allowed_preheat_full_add,False,True,True,0.00413467,0.0218547,0.06497342,0.63157895,0.42452644,0.58741237,0.31631131,8,5,0.04252806
20251218,2025-12,601698,allowed_preheat_probe_add,False,True,False,-0.0075188,0.0037594,0.04177109,0.65,0.28231585,0.41089852,0.47111741,6,7,0.01253133
20251218,2025-12,688066,allowed_preheat_full_add,False,True,False,0.00804598,0.03180077,0.06436782,0.664,0.2996611,0.59555169,0.38497461,8,6,0.04789272
20251218,2025-12,688523,allowed_preheat_full_add,False,True,False,0.01627066,0.04209711,0.10485537,0.91847826,0.26830572,0.76447963,0.21117694,11,3,0.04597107
20251218,2025-12,688568,allowed_preheat_full_add,False,True,False,0.00811542,0.02254283,0.08205591,0.70921986,0.21745473,0.58247231,0.39092411,8,6,0.03178539
20251219,2025-12,000738,allowed_preheat_full_add,True,True,True,0.02486048,0.02739726,0.02232369,0.93103448,0.37937348,0.48797959,0.4675909,6,8,0.02942669
20251219,2025-12,002085,allowed_preheat_full_add,True,True,True,0.01407507,0.01675603,0.0227882,0.96153846,0.3114404,0.44648503,0.16823207,5,3,0.01742627
20251219,2025-12,002465,allowed_preheat_probe_add,False,True,True,0.00990854,0.00838415,0.0007622,0.39285714,0.37954169,0.56446097,0.35756469,8,5,0.02134146
20251219,2025-12,003009,allowed_preheat_full_add,False,True,False,0.04457627,0.0559322,0.04525424,0.73509934,0.40165473,0.73979182,0.24145644,9,5,0.07627119
20251219,2025-12,300045,allowed_preheat_probe_add,False,True,False,0.02057776,0.01543332,-0.00435299,0.41584158,0.4773315,0.40932416,0.56999419,6,8,0.03878116
20251219,2025-12,300342,allowed_preheat_probe_add,False,True,False,0.0,-0.01300479,-0.03969884,0.04,0.56448381,0.46366039,0.45674786,6,8,0.04449008
20251219,2025-12,600118,allowed_preheat_full_add,False,True,False,0.02530973,0.03504425,0.04902655,0.86086957,0.43123819,0.59594427,0.36537399,9,5,0.04070796
20251219,2025-12,600879,allowed_preheat_probe_add,False,True,True,0.016,0.01828571,0.00457143,0.52238806,0.51195431,0.58675263,0.37126657,7,7,0.03657143
20251219,2025-12,601698,allowed_preheat_full_add,False,True,False,0.02122449,0.02122449,0.00653061,0.76470588,0.32613823,0.549688,0.34591906,8,5,0.0277551
20251219,2025-12,688066,allowed_preheat_probe_add,False,True,False,0.02059249,0.01481214,-0.01336705,0.46086957,0.42378633,0.49592696,0.48249749,8,6,0.03721098
20251219,2025-12,688568,allowed_preheat_probe_add,False,True,False,0.01342282,0.01105409,-0.01440979,0.40186916,0.51576621,0.49534842,0.45046619,7,7,0.03632057
20251222,2025-12,000738,allowed_preheat_probe_add,False,False,True,-0.01674641,-0.01052632,-0.01913876,0.38636364,0.51414755,0.26828556,0.59006776,5,8,0.00239234
20251222,2025-12,002085,allowed_preheat_full_add,True,False,True,0.0071708,0.0136897,0.0071708,1.0,0.55747677,0.64812798,0.24156804,8,4,0.0136897
20251222,2025-12,002465,allowed_preheat_probe_add,False,False,True,-0.00451807,0.0,0.00376506,0.54545455,0.37893821,0.50241053,0.41174489,6,7,0.00753012
20251222,2025-12,003009,allowed_preheat_probe_add,False,False,False,-0.01535018,0.00079949,0.00719539,0.84615385,0.52948002,0.41924559,0.3900473,9,4,0.00463703
20251222,2025-12,300045,allowed_preheat_probe_add,False,False,False,0.00778816,0.01090343,-0.00272586,0.32335329,0.66556627,0.55647186,0.40301356,6,7,0.05490654
20251222,2025-12,300342,allowed_preheat_probe_add,False,False,False,-0.03728814,-0.01423729,0.01627119,0.6440678,0.44058432,0.4279863,0.50224318,8,6,0.0
20251222,2025-12,600118,allowed_preheat_probe_add,False,False,False,-0.01652893,-0.00413223,0.03917355,0.45408163,0.41575859,0.414148,0.50905261,7,7,0.01355372
20251222,2025-12,601698,allowed_preheat_probe_add,False,False,False,-0.01201442,0.00040048,0.00760913,0.58571429,0.40348572,0.4634875,0.49841703,6,8,0.01201442
20251222,2025-12,688066,allowed_preheat_probe_add,False,False,False,-0.00897666,-0.00897666,-0.00610413,0.24285714,0.44009641,0.37756037,0.59271363,6,8,0.01005386
20251222,2025-12,688523,allowed_preheat_probe_add,False,False,False,-0.01623529,-0.00329412,0.00023529,0.61983471,0.50667476,0.37804232,0.52517676,6,7,0.00752941
20251222,2025-12,688568,allowed_preheat_probe_add,False,False,False,-0.0134,-0.0096,-0.0072,0.26168224,0.42744884,0.36805462,0.5874969,7,7,0.0062
20251223,2025-12,000738,allowed_preheat_full_add,False,True,True,-0.00836614,0.00688976,0.00738189,1.0,0.25270421,0.36918537,0.60203412,6,8,0.00688976
20251223,2025-12,002085,allowed_preheat_probe_add,False,True,True,-0.00578035,-0.00899165,-0.01348748,0.17647059,0.36962577,0.16632284,0.66081828,4,7,0.0
20251223,2025-12,002465,allowed_preheat_probe_add,False,True,True,-0.01275319,-0.0060015,0.00450113,0.55882353,0.28079478,0.35333272,0.56164394,6,7,0.00525131
20251223,2025-12,003009,allowed_preheat_full_add,False,True,False,-0.01264,0.01344,0.01152,1.0,0.26397376,0.3279406,0.54574978,5,8,0.01344
20251223,2025-12,300045,allowed_preheat_full_add,False,True,False,-0.01496063,0.00669291,-0.01259843,0.87254902,0.44329741,0.47146931,0.49944645,8,6,0.01181102
20251223,2025-12,600118,allowed_preheat_full_add,False,True,False,-0.02442099,0.03623759,0.00992595,1.0,0.35819871,0.68049327,0.27319369,10,4,0.03623759
20251223,2025-12,600879,allowed_preheat_probe_add,False,True,True,-0.0203252,-0.014518,-0.02439024,0.36206897,0.35687143,0.31533034,0.63786922,5,9,0.00696864
20251223,2025-12,688523,allowed_preheat_probe_add,False,True,False,-0.01848296,-0.00024004,-0.02352376,0.68468468,0.30756089,0.36563247,0.60932338,5,9,0.00816131
20251223,2025-12,688568,allowed_preheat_probe_add,False,True,False,-0.0178,-0.0064,-0.0194,0.73972603,0.3358326,0.47394207,0.50464133,8,6,0.0012
20251224,2025-12,000738,allowed_preheat_full_add,False,True,True,0.00201005,0.00603015,0.01758794,0.60869565,0.37340117,0.49309323,0.44822307,8,5,0.01507538
20251224,2025-12,002085,allowed_preheat_full_add,False,True,True,0.00196721,0.00590164,0.00918033,0.73684211,0.31015776,0.61525144,0.27840445,7,5,0.00918033
20251224,2025-12,002465,allowed_preheat_probe_add,False,True,True,0.00232019,0.00232019,0.02861562,0.35714286,0.22518798,0.57973115,0.37032853,8,6,0.00928074
20251224,2025-12,003009,allowed_preheat_full_add,False,True,False,0.01143847,0.01681109,0.04090121,0.60248447,0.44877248,0.65746376,0.26367355,9,5,0.02790295
20251224,2025-12,300045,allowed_preheat_full_add,False,True,False,-0.0049896,0.01081081,0.04989605,0.74137931,0.20849317,0.4997927,0.38800937,6,6,0.01704782
20251224,2025-12,300342,allowed_preheat_full_add,False,True,False,0.0312,0.038,0.172,0.82608696,0.19031576,0.55526916,0.34732818,8,6,0.046
20251224,2025-12,600118,allowed_preheat_full_add,False,True,False,0.01285567,0.02845389,0.08519026,0.84263959,0.31031904,0.59322376,0.31045835,9,5,0.03376757
20251224,2025-12,600879,allowed_preheat_full_add,False,True,True,0.02580645,0.02451613,0.06451613,0.63333333,0.31372572,0.61306776,0.3046704,9,5,0.03870968
20251224,2025-12,601698,allowed_preheat_full_add,False,True,False,0.00603188,0.01335631,0.03877639,0.775,0.28229426,0.67521413,0.24001592,10,4,0.01723395
20251224,2025-12,688066,allowed_preheat_full_add,False,True,False,-0.00233827,0.0066251,0.0335152,0.62790698,0.30155251,0.54647967,0.39291197,8,5,0.01286048
20251224,2025-12,688523,allowed_preheat_full_add,False,True,False,0.01491756,0.01936666,0.05103376,0.66666667,0.30273422,0.60167233,0.32673264,9,5,0.02904999
20251224,2025-12,688568,allowed_preheat_probe_add,False,True,False,-0.0012766,-0.00170213,0.01382979,0.29411765,0.33173569,0.56360076,0.37666598,8,6,0.00851064
20251225,2025-12,000738,allowed_preheat_probe_add,False,True,True,0.01810176,0.01516634,0.04207436,0.59322034,0.24229671,0.53030374,0.3900115,7,5,0.02690802
20251225,2025-12,002085,allowed_preheat_probe_add,False,True,True,0.0045425,0.00389358,0.01232966,0.61538462,0.2230713,0.62741958,0.26499157,7,4,0.00713822
20251225,2025-12,002465,allowed_preheat_full_add,False,True,True,0.00445765,0.01114413,0.01485884,0.84615385,0.37708016,0.543063,0.3940188,7,6,0.0141159
20251225,2025-12,003009,allowed_preheat_full_add,False,True,False,0.01830443,0.0687219,0.1009955,0.97840173,0.40171308,0.77027967,0.21625197,10,4,0.07032755
20251225,2025-12,300045,allowed_preheat_full_add,False,True,False,0.01190476,0.01865079,0.03650794,0.71830986,0.3142792,0.41981863,0.49000624,6,7,0.0265873
20251225,2025-12,300342,allowed_preheat_full_add,False,True,False,0.01492063,0.02761905,0.01555556,0.62142857,0.51751868,0.4784767,0.44974435,7,7,0.04444444
20251225,2025-12,600118,allowed_preheat_full_add,False,True,False,0.03774981,0.04293116,0.0373057,0.91131498,0.56332242,0.61221402,0.33275271,7,7,0.04722428
20251225,2025-12,600879,allowed_preheat_full_add,False,True,True,0.01555955,0.02932376,0.07899461,0.77777778,0.31697292,0.78976727,0.17980809,11,3,0.03889886
20251225,2025-12,601698,allowed_preheat_full_add,False,True,False,0.01711491,0.02322738,0.02770986,0.79775281,0.46443728,0.61867828,0.30608122,8,5,0.03056235
20251225,2025-12,688066,allowed_preheat_full_add,False,True,False,0.02194245,0.02877698,0.03165468,0.82905983,0.40787636,0.60118593,0.38015778,8,6,0.03597122
20251225,2025-12,688523,allowed_preheat_full_add,False,True,False,0.01690701,0.04152163,0.04276479,0.78695652,0.40709085,0.58236179,0.40161574,7,7,0.05370462
20251225,2025-12,688568,allowed_preheat_full_add,False,True,False,0.02613566,0.02509853,0.03339556,0.70114943,0.43830418,0.58903977,0.38720124,8,6,0.03588467
20251226,2025-12,000738,allowed_preheat_probe_add,False,False,True,-0.00142518,-0.00190024,0.00522565,0.63636364,0.35159757,0.41240662,0.32563279,7,5,0.00190024
20251226,2025-12,002085,allowed_preheat_probe_add,False,False,True,0.00314465,0.00188679,0.00062893,0.54545455,0.47025623,0.51005465,0.45467206,7,7,0.0081761
20251226,2025-12,002465,allowed_preheat_full_add,False,False,True,0.00876552,0.00949598,0.0182615,0.85,0.32918696,0.47982389,0.23342617,7,4,0.01168736
20251226,2025-12,003009,allowed_preheat_full_add,False,False,False,0.02931311,0.04258422,0.05177191,1.0,0.56539694,0.47546902,0.48266181,8,6,0.04258422
20251226,2025-12,300045,allowed_preheat_probe_add,False,False,False,0.05975073,0.02895894,0.01906158,0.45930233,0.66283544,0.6880191,0.28609996,8,6,0.06304985
20251226,2025-12,300342,allowed_preheat_full_add,False,False,False,0.04242424,0.05606061,0.0369697,0.81578947,0.60075269,0.56872116,0.40120403,7,7,0.07090909
20251226,2025-12,600118,allowed_preheat_full_add,False,False,False,0.01202703,0.0272973,0.03054054,0.9691358,0.53293179,0.42321624,0.51762701,8,6,0.02864865
20251226,2025-12,600879,allowed_preheat_full_add,False,False,True,0.02880435,0.03967391,0.01413043,0.98648649,0.4579015,0.55918299,0.35098404,8,5,0.04021739
20251226,2025-12,601698,allowed_preheat_full_add,False,False,False,0.0038835,0.01359223,0.04427184,0.97560976,0.28528025,0.42405574,0.5422769,6,8,0.01436893
20251226,2025-12,688066,allowed_preheat_full_add,False,False,False,0.03327616,0.03842196,0.04116638,0.92561983,0.48457389,0.53282888,0.41978602,8,6,0.04150943
20251226,2025-12,688523,allowed_preheat_full_add,False,False,False,0.01232812,0.02726411,0.03295401,0.96938776,0.43886801,0.53987022,0.4424441,8,6,0.02868658
20251226,2025-12,688568,allowed_preheat_full_add,False,False,False,0.00233918,0.0122807,0.04873294,0.96842105,0.28846049,0.56510482,0.39075477,8,6,0.0128655
20251229,2025-12,000738,allowed_preheat_probe_add,False,False,True,-0.01043148,-0.00806069,-0.01327643,0.34285714,0.50179908,0.32973334,0.48915665,5,7,0.00284495
20251229,2025-12,002085,allowed_preheat_probe_add,False,False,True,0.00062735,0.00062735,0.00564617,0.6875,0.34095004,0.40789077,0.37667935,6,5,0.00376412
20251229,2025-12,002465,allowed_preheat_full_add,False,False,True,0.09819495,0.10830325,0.10830325,1.0,0.63207513,0.79270375,0.15287382,8,3,0.10830325
20251229,2025-12,003009,allowed_preheat_full_add,False,False,False,0.00800466,0.02823461,0.00800466,1.0,0.4881728,0.49798494,0.41880585,8,6,0.02823461
20251229,2025-12,300045,allowed_preheat_full_add,False,False,False,0.00407407,0.03444444,0.03333333,0.89726027,0.47618337,0.59581477,0.34752899,10,4,0.04
20251229,2025-12,600118,allowed_preheat_full_add,False,False,False,-0.00765432,0.01975309,0.04753086,0.79685611,0.59377169,0.50482954,0.44998512,8,6,0.04049383
20251229,2025-12,600879,allowed_preheat_probe_add,False,False,True,0.00842105,0.0,0.01368421,0.56603774,0.41448321,0.23875922,0.58691715,4,8,0.01210526
20251229,2025-12,601698,allowed_preheat_full_add,False,False,False,0.00847757,0.01518898,0.02507948,0.77348066,0.53400465,0.47127061,0.46191727,7,7,0.02967149
20251229,2025-12,688066,allowed_preheat_full_add,False,False,False,0.0625,0.09407895,0.08289474,0.88980716,0.47468153,0.70324726,0.27600353,9,5,0.10723684
20251229,2025-12,688523,allowed_preheat_full_add,False,False,False,0.00452381,0.11214286,0.15880952,1.0,0.27183489,0.72567896,0.24955336,10,4,0.11214286
20251229,2025-12,688568,allowed_preheat_full_add,False,False,False,-0.00562641,0.0271943,0.01106527,0.9789916,0.45878214,0.61047239,0.34667904,10,4,0.02813203
20251230,2025-12,000738,allowed_preheat_probe_add,False,False,True,-0.00863309,-0.00143885,0.02494005,0.76190476,0.14159388,0.27425575,0.54634002,5,7,0.00095923
20251230,2025-12,002085,allowed_preheat_probe_add,False,False,True,0.00253004,0.00442758,0.01328273,0.6,0.26907716,0.42682141,0.54406234,5,9,0.00822264
20251230,2025-12,002465,allowed_preheat_full_add,False,False,True,0.00533333,0.03133333,0.02533333,1.0,0.59230248,0.78497698,0.13650566,12,2,0.03133333
20251230,2025-12,003009,allowed_preheat_probe_add,False,False,False,-0.01449275,0.00101449,0.05405797,1.0,0.17691326,0.51707519,0.44063562,8,6,0.00101449
20251230,2025-12,300045,allowed_preheat_probe_add,False,False,False,0.01036653,0.01073676,0.04183636,0.48333333,0.27998071,0.47434589,0.43772417,6,7,0.02221399
20251230,2025-12,300342,allowed_preheat_full_add,False,False,False,0.0244873,0.04499541,0.01101928,0.93548387,0.58310308,0.74641463,0.22626016,10,4,0.0486685
20251230,2025-12,600118,allowed_preheat_full_add,False,False,False,0.05620609,0.09098361,0.11791569,1.0,0.58149183,0.66677684,0.29767085,11,3,0.09098361
20251230,2025-12,600879,allowed_preheat_full_add,False,False,True,0.004772,0.02598091,0.09490986,0.98484848,0.241166,0.56043098,0.40092344,9,5,0.02651113
20251230,2025-12,601698,allowed_preheat_full_add,False,False,False,0.03068966,0.06413793,0.13793103,0.94957983,0.39638282,0.50030232,0.46486459,8,6,0.06827586
20251230,2025-12,688066,allowed_preheat_probe_add,False,False,False,-0.009375,-0.0121875,0.0059375,0.17073171,0.41192193,0.40655714,0.56023976,6,8,0.0090625
20251230,2025-12,688568,allowed_preheat_full_add,False,False,False,0.00672897,0.0082243,0.02672897,0.71428571,0.36961211,0.66255651,0.26951323,8,5,0.01345794
20251231,2025-12,000738,allowed_preheat_probe_add,False,True,True,0.02414293,0.01448576,0.01207146,0.57692308,0.51927754,0.43468817,0.54426274,6,8,0.02510864
20251231,2025-12,002085,allowed_preheat_probe_add,False,True,True,0.00187852,-0.0025047,-0.00500939,0.16666667,0.3834621,0.42915765,0.4207839,5,7,0.00375704
20251231,2025-12,002465,allowed_preheat_probe_add,False,True,True,0.01131071,-0.00399202,-0.00066534,0.05555556,0.44000434,0.37434822,0.46113879,4,8,0.01862941
20251231,2025-12,003009,allowed_preheat_probe_add,False,True,False,0.03268526,0.01169343,0.03691181,0.29876543,0.40976959,0.61750577,0.34766086,8,6,0.05170471
20251231,2025-12,300045,allowed_preheat_probe_add,False,True,False,0.02408339,0.0147376,0.02695902,0.39814815,0.34883144,0.43665003,0.53261492,5,9,0.03810208
20251231,2025-12,300342,allowed_preheat_full_add,False,True,False,0.0228125,0.04,0.0165625,0.68449198,0.54795793,0.40885067,0.55100352,6,8,0.0584375
20251231,2025-12,600118,allowed_preheat_full_add,False,True,False,0.03409091,0.04352273,0.04738636,0.8326087,0.48857394,0.74418163,0.20862141,10,4,0.05227273
20251231,2025-12,600879,allowed_preheat_full_add,False,True,True,0.04130098,0.03923593,0.05988642,0.8172043,0.48539359,0.57438792,0.35821799,8,5,0.04801239
20251231,2025-12,601698,allowed_preheat_full_add,False,True,False,0.03598015,0.05459057,0.05769231,1.0,0.56373032,0.70520033,0.2654221,10,4,0.05459057
20251231,2025-12,688066,allowed_preheat_probe_add,False,True,False,0.02096098,0.01418897,0.00193486,0.44,0.46871559,0.51682602,0.44920921,7,7,0.03224766
20251231,2025-12,688523,allowed_preheat_full_add,False,True,False,0.01034693,0.03002637,0.03733009,0.70517928,0.36898795,0.6443613,0.32161684,10,4,0.04503956
20251231,2025-12,688568,allowed_preheat_probe_add,False,True,False,0.01502912,0.02047717,0.03456697,0.55778894,0.50217485,0.52504636,0.45668421,7,7,0.03700921
20260105,2026-01,002085,allowed_preheat_full_add,False,False,True,0.00679012,0.00802469,0.0,0.71428571,0.55072333,0.40739227,0.44911632,5,7,0.0117284
20260105,2026-01,002465,allowed_preheat_full_add,False,False,True,-0.01818182,0.02181818,0.00848485,0.89690722,0.59542012,0.52502667,0.42765604,9,5,0.02787879
20260105,2026-01,003009,allowed_preheat_full_add,False,False,False,-0.02177158,0.02637472,0.03508335,1.0,0.50333249,0.57908958,0.37137543,8,6,0.02637472
20260105,2026-01,300342,allowed_preheat_full_add,False,False,False,-0.03005058,0.00892591,-0.00267777,0.90547264,0.47234783,0.3908969,0.55233092,7,7,0.01457899
20260105,2026-01,600118,allowed_preheat_probe_add,False,False,False,-0.02059406,-0.0109901,-0.03920792,0.70942408,0.5530946,0.3234575,0.6296607,6,8,0.0
20260105,2026-01,601698,allowed_preheat_full_add,False,False,False,0.02673213,0.04446263,0.03982542,0.89071038,0.53151812,0.44378046,0.50681281,7,7,0.04991817
20260105,2026-01,688523,allowed_preheat_probe_add,False,False,False,0.04538395,0.04176014,0.0,0.46449136,0.58201301,0.47867918,0.46659123,7,7,0.08990509
20260105,2026-01,688568,allowed_preheat_full_add,False,False,False,-0.00383333,0.02966667,0.01266667,0.83526012,0.56047273,0.48404668,0.47506717,8,6,0.03916667
20260106,2026-01,000738,allowed_preheat_full_add,False,False,True,0.00707547,0.01179245,0.01933962,0.7804878,0.291788,0.72792117,0.15074062,10,3,0.01603774
20260106,2026-01,002085,allowed_preheat_full_add,False,False,True,0.00493218,0.00616523,0.01787916,0.625,0.24255059,0.59931752,0.2920684,8,5,0.00986436
20260106,2026-01,002465,allowed_preheat_probe_add,False,False,True,0.01200873,0.0010917,0.01637555,0.37804878,0.58067665,0.56672692,0.33956659,6,7,0.02893013
20260106,2026-01,300045,allowed_preheat_probe_add,False,False,False,0.01884817,0.00907504,0.04328098,0.4,0.33420509,0.52853771,0.42070044,7,7,0.02268761
20260106,2026-01,300342,allowed_preheat_probe_add,False,False,False,0.01545254,0.01545254,0.02081362,0.34722222,0.50409536,0.42220898,0.52551665,6,8,0.04509618
20260106,2026-01,600118,allowed_preheat_full_add,False,False,False,0.06326762,0.05944886,0.03901331,0.81012658,0.5482038,0.60587863,0.35265536,8,6,0.07338219
20260106,2026-01,600879,allowed_preheat_full_add,False,False,True,0.04976526,0.05117371,0.01830986,0.83846154,0.46786277,0.59311865,0.35963121,8,6,0.06103286
20260106,2026-01,601698,allowed_preheat_full_add,False,False,False,0.03926963,0.05077539,0.06903452,0.87628866,0.60795211,0.5372759,0.42437791,8,6,0.05977989
20260106,2026-01,688066,allowed_preheat_probe_add,False,False,False,0.00928594,-0.00864553,0.00928594,0.10869565,0.46455529,0.49905989,0.47236638,7,7,0.01761127
20260106,2026-01,688523,allowed_preheat_full_add,False,False,False,0.022,0.08833333,0.11566667,1.0,0.43681816,0.68037206,0.28311591,10,4,0.08833333
20260106,2026-01,688568,allowed_preheat_probe_add,False,False,False,0.00761937,-0.01185235,-0.0140535,0.19553073,0.4948699,0.43976598,0.50275661,7,7,0.01252963
20260107,2026-01,000738,allowed_preheat_probe_add,False,False,True,-0.01845185,-0.00990099,0.00045005,0.5,0.42103402,0.29049108,0.67416806,6,8,0.0
20260107,2026-01,002085,allowed_preheat_probe_add,False,False,True,-0.00968523,-0.0066586,-0.01634383,0.45,0.31564938,0.35839974,0.49039022,6,7,0.0
20260107,2026-01,002465,allowed_preheat_full_add,False,False,True,-0.02002002,0.00900901,0.001001,0.688,0.53428114,0.59093424,0.35275271,9,5,0.02852853
20260107,2026-01,003009,allowed_preheat_full_add,False,False,False,-0.02307692,0.00780543,-0.01368778,0.93920973,0.48174409,0.42809855,0.52412383,8,6,0.01006787
20260107,2026-01,300045,allowed_preheat_probe_add,False,False,False,-0.02369668,-0.01184834,-0.03486798,0.44827586,0.42712901,0.37426853,0.59919814,8,6,0.00440081
20260107,2026-01,300342,allowed_preheat_probe_add,False,False,False,-0.03329334,-0.00089982,0.01169766,0.82978723,0.45502885,0.45339958,0.51497368,8,6,0.00629874
20260107,2026-01,600118,allowed_preheat_probe_add,False,False,False,-0.03592233,-0.01456311,-0.02252427,0.5952381,0.52757017,0.52200016,0.43825095,8,6,0.00194175
20260107,2026-01,600879,allowed_preheat_probe_add,False,False,True,-0.01702128,0.00382979,-0.00468085,0.87777778,0.46122625,0.31778818,0.61647227,6,8,0.00851064
20260108,2026-01,000738,allowed_preheat_probe_add,False,False,True,-0.00136364,0.00181818,0.03045455,0.28571429,0.178122,0.37904845,0.54436753,6,7,0.01090909
20260108,2026-01,002085,allowed_preheat_full_add,False,False,True,0.01373283,0.00998752,0.01997503,0.71428571,0.33046685,0.42099987,0.54019948,6,8,0.01498127
20260108,2026-01,003009,allowed_preheat_full_add,False,False,False,-0.00541113,0.02270321,0.05505235,0.7314578,0.40512578,0.47435872,0.49809651,8,6,0.0350547
20260108,2026-01,300045,allowed_preheat_probe_add,False,False,False,-0.00357526,-0.00643547,0.02145156,0.10909091,0.40962289,0.42743003,0.44421654,5,8,0.0110833
20260108,2026-01,300342,allowed_preheat_probe_add,False,False,False,0.01764354,0.00508373,0.04037081,0.09292035,0.35771464,0.46971117,0.50674227,5,9,0.06638756
20260108,2026-01,600118,allowed_preheat_probe_add,False,False,False,0.02525253,-0.00353535,0.02777778,0.03076923,0.39518677,0.44370079,0.5068221,5,9,0.02828283
20260108,2026-01,600879,allowed_preheat_full_add,False,False,True,0.01959114,0.04599659,0.10902896,0.98198198,0.27277406,0.53748674,0.42638398,8,6,0.04684838
20260108,2026-01,601698,allowed_preheat_probe_add,False,False,False,0.01131008,-0.01107446,0.02921772,0.01333333,0.43987633,0.33140118,0.6275559,4,10,0.0237983
20260108,2026-01,688066,allowed_preheat_full_add,False,False,False,0.01144674,0.07217806,0.08648649,0.8630137,0.41687065,0.53308482,0.43171767,9,4,0.08489666
20260108,2026-01,688523,allowed_preheat_full_add,False,False,False,-0.00366997,0.02568982,0.05205926,0.69477912,0.40462127,0.59880093,0.37251804,9,5,0.04635041
20260108,2026-01,688568,allowed_preheat_probe_add,False,False,False,0.00623917,0.00381282,0.04679376,0.36956522,0.26328245,0.4301879,0.47661244,6,7,0.01386482
20260109,2026-01,000738,allowed_preheat_full_add,False,False,True,0.00826446,0.01261418,0.02261853,0.63043478,0.34625875,0.63213431,0.33751816,9,5,0.0200087
20260109,2026-01,002085,allowed_preheat_probe_add,False,False,True,-0.00182371,-0.00243161,0.00182371,0.44444444,0.29808996,0.45756848,0.46757949,7,6,0.0006079
20260109,2026-01,002465,allowed_preheat_probe_add,False,False,True,-0.04391583,-0.01235133,-0.03019213,0.66666667,0.65644475,0.44475576,0.45248438,8,6,0.00457457
20260109,2026-01,003009,allowed_preheat_probe_add,False,False,False,-0.02516424,-0.00924173,0.02427347,0.54775281,0.35106066,0.48178439,0.46778831,7,7,0.008685
20260109,2026-01,300045,allowed_preheat_full_add,False,False,False,-0.01164384,0.00582192,0.05,0.86153846,0.25689142,0.48047213,0.4312986,8,5,0.00890411
20260109,2026-01,300342,allowed_preheat_probe_add,False,False,False,-0.03055556,-0.00444444,0.02305556,0.62352941,0.37435684,0.56373832,0.37639664,9,5,0.01333333
20260109,2026-01,600118,allowed_preheat_full_add,False,False,False,-0.00896126,0.00655232,0.03102717,0.94794521,0.35471244,0.41881903,0.53928586,6,8,0.00838312
20260109,2026-01,600879,allowed_preheat_full_add,False,False,True,0.01272727,0.03309091,0.04327273,0.83225806,0.63833146,0.5780308,0.36653513,8,6,0.04254545
20260109,2026-01,601698,allowed_preheat_full_add,False,False,False,0.03910242,0.03465896,0.06354144,0.8342246,0.48408779,0.70469306,0.26641178,10,4,0.04154632
20260109,2026-01,688066,allowed_preheat_probe_add,False,False,False,-0.03025756,-0.00050013,0.04026007,0.98369565,0.41530414,0.49903709,0.43205983,8,6,0.00025006
20260109,2026-01,688523,allowed_preheat_probe_add,False,False,False,-0.02638191,-0.01306533,0.01005025,0.67191601,0.35375193,0.39221232,0.52100869,6,7,0.00263819
20260109,2026-01,688568,allowed_preheat_full_add,False,False,False,0.0037637,0.01423662,0.08541973,0.99259259,0.24113102,0.61352896,0.27627873,9,4,0.01440026
20260112,2026-01,000738,allowed_preheat_probe_add,False,False,True,-0.00340426,0.00212766,0.01404255,0.7027027,0.39750356,0.48606975,0.42615412,6,7,0.00680851
20260112,2026-01,002085,allowed_preheat_probe_add,False,False,True,0.0059952,0.00179856,-0.0029976,0.2,0.52470543,0.52707124,0.27923491,6,5,0.01139089
20260112,2026-01,002465,allowed_preheat_probe_add,False,False,True,0.00477555,-0.00143266,0.03151862,0.38888889,0.42482599,0.29000439,0.63699505,5,9,0.01957975
20260112,2026-01,003009,allowed_preheat_probe_add,False,False,False,0.03445278,0.02467123,0.04803826,0.58656331,0.42114181,0.64097351,0.31089795,10,4,0.04206065
20260112,2026-01,300045,allowed_preheat_full_add,False,False,False,-0.02243104,0.04152774,0.02303728,0.72435897,0.5815778,0.47262362,0.40832106,8,5,0.06759624
20260112,2026-01,300342,allowed_preheat_full_add,False,False,False,0.00536847,0.12030259,0.15080527,0.92435424,0.58528576,0.68210269,0.26745141,10,4,0.13030747
20260112,2026-01,600118,allowed_preheat_full_add,False,False,False,0.01973214,0.03107143,0.04160714,0.82282282,0.74529771,0.45707836,0.4827661,8,6,0.04160714
20260112,2026-01,600879,allowed_preheat_full_add,False,False,True,-0.00065574,0.01672131,0.0252459,0.79527559,0.48863874,0.32751584,0.50265705,6,7,0.0252459
20260112,2026-01,601698,allowed_preheat_full_add,False,False,False,-0.00078447,0.01941557,0.04138066,0.9,0.52350917,0.38866607,0.55537815,7,7,0.02373014
20260112,2026-01,688066,allowed_preheat_probe_add,False,False,False,0.01223736,0.02747633,0.04340799,0.5840708,0.51617292,0.60825039,0.33718849,9,5,0.04918033
20260112,2026-01,688523,allowed_preheat_full_add,False,False,False,0.02633206,0.02497218,0.06057609,0.82317073,0.40474816,0.56950495,0.37894131,9,5,0.03214242
20260112,2026-01,688568,allowed_preheat_full_add,False,False,False,0.00159675,0.07591813,0.08869212,0.94144838,0.43606134,0.58523028,0.38030466,8,6,0.08143417
20260113,2026-01,002465,allowed_preheat_probe_add,False,False,True,-0.01652893,0.0,0.0,1.0,0.86011326,0.3047726,0.55097497,4,3,0.0
20260114,2026-01,000738,allowed_preheat_probe_add,False,False,True,-0.01278096,-0.00044072,0.00484795,0.8125,0.46915731,0.41173914,0.50185581,8,6,0.00352578
20260114,2026-01,002085,allowed_preheat_full_add,False,False,True,0.00428659,0.01408451,0.01530925,1.0,0.4311326,0.77427161,0.20905664,10,4,0.01408451
20260114,2026-01,002465,allowed_preheat_probe_add,False,False,True,0.0,0.0,0.0,1.0,0.41334227,0.0,0.0,0,0,0.0
20260114,2026-01,003009,allowed_preheat_probe_add,False,False,False,0.00987654,0.01851852,0.04148148,0.34642032,0.45243072,0.56594829,0.34119127,8,6,0.05345679
20260114,2026-01,300045,allowed_preheat_probe_add,False,False,False,0.0008648,0.00115307,0.04352839,0.32231405,0.38696927,0.43694522,0.51986998,7,7,0.02479101
20260114,2026-01,300342,allowed_preheat_probe_add,False,False,False,0.01103144,0.00367715,0.03916161,0.46749226,0.5233298,0.5163536,0.4168059,7,7,0.03530061
20260114,2026-01,600118,allowed_preheat_probe_add,False,False,False,0.01897436,0.0008547,0.01923077,0.21946903,0.39564263,0.46075677,0.4796153,7,7,0.03854701
20260114,2026-01,600879,allowed_preheat_full_add,False,False,True,0.00609101,0.04120387,0.09029022,0.93548387,0.38337465,0.59288992,0.32375358,9,5,0.04407023
20260114,2026-01,601698,allowed_preheat_probe_add,False,False,False,0.00267857,0.00647321,0.02834821,0.33248082,0.46242879,0.47649184,0.45836468,7,7,0.06473214
20260114,2026-01,688066,allowed_preheat_probe_add,False,False,False,-0.01264933,-0.01382057,0.04591239,0.31168831,0.33092997,0.55661644,0.39765606,8,6,0.02342469
20260114,2026-01,688568,allowed_preheat_probe_add,False,False,False,0.02065282,0.00142433,0.08106825,0.35571429,0.39128512,0.39776791,0.55662905,6,8,0.05495549
